clustering_method,distance_method,route_run_id,route_pair,route_pair_label,weight_id,distance_weight,population_weight,traffic_weight,airspace_weight,route_distance_km,total_weighted_score,path_nodes,direct_cluster_number,hierarchical_jaccard_cluster,hierarchical_jaccard_cluster_source
hierarchical_jaccard,jaccard,stl_st_louis_downtown_airport_to_st_louis_lambert_2026-01-12_0001,st_louis_downtown_airport_to_st_louis_lambert,St. Louis Downtown Airport to St. Louis Lambert,w_0001,0.0,0.0,0.0,1.0,35.06847425714207,33.400000000000006,40,6,hier_jaccard_006,hier_jaccard_006
hierarchical_jaccard,jaccard,stl_st_louis_downtown_airport_to_st_louis_lambert_2026-01-12_0002,st_louis_downtown_airport_to_st_louis_lambert,St. Louis Downtown Airport to St. Louis Lambert,w_0002,0.0,0.0,0.1,0.9,35.06925127294606,31.84399220194942,40,1,hier_jaccard_001,hier_jaccard_005
hierarchical_jaccard,jaccard,stl_st_louis_downtown_airport_to_st_louis_lambert_2026-01-12_0003,st_louis_downtown_airport_to_st_louis_lambert,St. Louis Downtown Airport to St. Louis Lambert,w_0003,0.0,0.0,0.2,0.8,35.06925127294606,30.287984403898832,40,1,hier_jaccard_001,hier_jaccard_005
hierarchical_jaccard,jaccard,stl_st_louis_downtown_airport_to_st_louis_lambert_2026-01-12_0004,st_louis_downtown_airport_to_st_louis_lambert,St. Louis Downtown Airport to St. Louis Lambert,w_0004,0.0,0.0,0.3,0.7,35.06925127294606,28.73197660584824,40,1,hier_jaccard_001,hier_jaccard_005
hierarchical_jaccard,jaccard,stl_st_louis_downtown_airport_to_st_louis_lambert_2026-01-12_0005,st_louis_downtown_airport_to_st_louis_lambert,St. Louis Downtown Airport to St. Louis Lambert,w_0005,0.0,0.0,0.4,0.6,35.06925127294606,27.17596880779766,40,1,hier_jaccard_001,hier_jaccard_005
hierarchical_jaccard,jaccard,stl_st_louis_downtown_airport_to_st_louis_lambert_2026-01-12_0006,st_louis_downtown_airport_to_st_louis_lambert,St. Louis Downtown Airport to St. Louis Lambert,w_0006,0.0,0.0,0.5,0.5,35.97736296328002,25.505013827413183,41,1,hier_jaccard_001,hier_jaccard_005
hierarchical_jaccard,jaccard,stl_st_louis_downtown_airport_to_st_louis_lambert_2026-01-12_0007,st_louis_downtown_airport_to_st_louis_lambert,St. Louis Downtown Airport to St. Louis Lambert,w_0007,0.0,0.0,0.6,0.4,36.35045750517031,23.803927315790965,42,2,hier_jaccard_002,hier_jaccard_001
hierarchical_jaccard,jaccard,stl_st_louis_downtown_airport_to_st_louis_lambert_2026-01-12_0008,st_louis_downtown_airport_to_st_louis_lambert,St. Louis Downtown Airport to St. Louis Lambert,w_0008,0.0,0.0,0.7,0.3,36.35045750517031,21.93791520175612,42,2,hier_jaccard_002,hier_jaccard_001
hierarchical_jaccard,jaccard,stl_st_louis_downtown_airport_to_st_louis_lambert_2026-01-12_0009,st_louis_downtown_airport_to_st_louis_lambert,St. Louis Downtown Airport to St. Louis Lambert,w_0009,0.0,0.0,0.8,0.2,38.162538432314975,19.93156155345744,44,2,hier_jaccard_002,hier_jaccard_001
hierarchical_jaccard,jaccard,stl_st_louis_downtown_airport_to_st_louis_lambert_2026-01-12_0010,st_louis_downtown_airport_to_st_louis_lambert,St. Louis Downtown Airport to St. Louis Lambert,w_0010,0.0,0.0,0.9,0.1,38.53788959109186,17.81036378484534,45,2,hier_jaccard_002,hier_jaccard_001
hierarchical_jaccard,jaccard,stl_st_louis_downtown_airport_to_st_louis_lambert_2026-01-12_0012,st_louis_downtown_airport_to_st_louis_lambert,St. Louis Downtown Airport to St. Louis Lambert,w_0012,0.0,0.1,0.0,0.9,35.06932923764436,32.5387572976017,40,1,hier_jaccard_001,hier_jaccard_005
hierarchical_jaccard,jaccard,stl_st_louis_downtown_airport_to_st_louis_lambert_2026-01-12_0013,st_louis_downtown_airport_to_st_louis_lambert,St. Louis Downtown Airport to St. Louis Lambert,w_0013,0.0,0.1,0.1,0.8,35.06932923764436,30.982749499551115,40,1,hier_jaccard_001,hier_jaccard_005
hierarchical_jaccard,jaccard,stl_st_louis_downtown_airport_to_st_louis_lambert_2026-01-12_0014,st_louis_downtown_airport_to_st_louis_lambert,St. Louis Downtown Airport to St. Louis Lambert,w_0014,0.0,0.1,0.2,0.7,35.06932923764436,29.426741701500525,40,1,hier_jaccard_001,hier_jaccard_005
hierarchical_jaccard,jaccard,stl_st_louis_downtown_airport_to_st_louis_lambert_2026-01-12_0015,st_louis_downtown_airport_to_st_louis_lambert,St. Louis Downtown Airport to St. Louis Lambert,w_0015,0.0,0.1,0.3,0.6,35.06932923764436,27.87073390344994,40,1,hier_jaccard_001,hier_jaccard_005
hierarchical_jaccard,jaccard,stl_st_louis_downtown_airport_to_st_louis_lambert_2026-01-12_0016,st_louis_downtown_airport_to_st_louis_lambert,St. Louis Downtown Airport to St. Louis Lambert,w_0016,0.0,0.1,0.4,0.5,35.06932923764436,26.31472610539935,40,1,hier_jaccard_001,hier_jaccard_005
hierarchical_jaccard,jaccard,stl_st_louis_downtown_airport_to_st_louis_lambert_2026-01-12_0017,st_louis_downtown_airport_to_st_louis_lambert,St. Louis Downtown Airport to St. Louis Lambert,w_0017,0.0,0.1,0.5,0.4,35.06932923764436,24.758718307348765,40,1,hier_jaccard_001,hier_jaccard_005
hierarchical_jaccard,jaccard,stl_st_louis_downtown_airport_to_st_louis_lambert_2026-01-12_0018,st_louis_downtown_airport_to_st_louis_lambert,St. Louis Downtown Airport to St. Louis Lambert,w_0018,0.0,0.1,0.6,0.3,36.350418629970925,22.96487021120146,42,2,hier_jaccard_002,hier_jaccard_001
hierarchical_jaccard,jaccard,stl_st_louis_downtown_airport_to_st_louis_lambert_2026-01-12_0019,st_louis_downtown_airport_to_st_louis_lambert,St. Louis Downtown Airport to St. Louis Lambert,w_0019,0.0,0.1,0.7,0.2,37.25382396887552,20.99248367216361,43,2,hier_jaccard_002,hier_jaccard_001
hierarchical_jaccard,jaccard,stl_st_louis_downtown_airport_to_st_louis_lambert_2026-01-12_0020,st_louis_downtown_airport_to_st_louis_lambert,St. Louis Downtown Airport to St. Louis Lambert,w_0020,0.0,0.1,0.8,0.1,37.25382396887552,18.987085044936464,43,2,hier_jaccard_002,hier_jaccard_001
hierarchical_jaccard,jaccard,stl_st_louis_downtown_airport_to_st_louis_lambert_2026-01-12_0022,st_louis_downtown_airport_to_st_louis_lambert,St. Louis Downtown Airport to St. Louis Lambert,w_0022,0.0,0.2,0.0,0.8,35.06932923764436,31.677514595203395,40,1,hier_jaccard_001,hier_jaccard_005
hierarchical_jaccard,jaccard,stl_st_louis_downtown_airport_to_st_louis_lambert_2026-01-12_0023,st_louis_downtown_airport_to_st_louis_lambert,St. Louis Downtown Airport to St. Louis Lambert,w_0023,0.0,0.2,0.1,0.7,35.06932923764436,30.121506797152804,40,1,hier_jaccard_001,hier_jaccard_005
hierarchical_jaccard,jaccard,stl_st_louis_downtown_airport_to_st_louis_lambert_2026-01-12_0024,st_louis_downtown_airport_to_st_louis_lambert,St. Louis Downtown Airport to St. Louis Lambert,w_0024,0.0,0.2,0.2,0.6,35.06932923764436,28.565498999102218,40,1,hier_jaccard_001,hier_jaccard_005
hierarchical_jaccard,jaccard,stl_st_louis_downtown_airport_to_st_louis_lambert_2026-01-12_0025,st_louis_downtown_airport_to_st_louis_lambert,St. Louis Downtown Airport to St. Louis Lambert,w_0025,0.0,0.2,0.3,0.5,35.0695243590648,26.98219836247526,40,1,hier_jaccard_001,hier_jaccard_005
hierarchical_jaccard,jaccard,stl_st_louis_downtown_airport_to_st_louis_lambert_2026-01-12_0026,st_louis_downtown_airport_to_st_louis_lambert,St. Louis Downtown Airport to St. Louis Lambert,w_0026,0.0,0.2,0.4,0.4,35.0695243590648,25.38619056442468,40,1,hier_jaccard_001,hier_jaccard_005
hierarchical_jaccard,jaccard,stl_st_louis_downtown_airport_to_st_louis_lambert_2026-01-12_0027,st_louis_downtown_airport_to_st_louis_lambert,St. Louis Downtown Airport to St. Louis Lambert,w_0027,0.0,0.2,0.5,0.3,35.0695243590648,23.790182766374087,40,1,hier_jaccard_001,hier_jaccard_005
hierarchical_jaccard,jaccard,stl_st_louis_downtown_airport_to_st_louis_lambert_2026-01-12_0028,st_louis_downtown_airport_to_st_louis_lambert,St. Louis Downtown Airport to St. Louis Lambert,w_0028,0.0,0.2,0.6,0.2,36.725266647794015,22.02693218747743,43,2,hier_jaccard_002,hier_jaccard_001
hierarchical_jaccard,jaccard,stl_st_louis_downtown_airport_to_st_louis_lambert_2026-01-12_0031,st_louis_downtown_airport_to_st_louis_lambert,St. Louis Downtown Airport to St. Louis Lambert,w_0031,0.0,0.3,0.0,0.7,35.445886833267345,30.45456203944274,41,3,hier_jaccard_003,hier_jaccard_004
hierarchical_jaccard,jaccard,stl_st_louis_downtown_airport_to_st_louis_lambert_2026-01-12_0032,st_louis_downtown_airport_to_st_louis_lambert,St. Louis Downtown Airport to St. Louis Lambert,w_0032,0.0,0.3,0.1,0.6,35.44583331001682,29.081601086005104,41,3,hier_jaccard_003,hier_jaccard_004
hierarchical_jaccard,jaccard,stl_st_louis_downtown_airport_to_st_louis_lambert_2026-01-12_0033,st_louis_downtown_airport_to_st_louis_lambert,St. Louis Downtown Airport to St. Louis Lambert,w_0033,0.0,0.3,0.2,0.5,35.0695243590648,27.563317038839354,40,1,hier_jaccard_001,hier_jaccard_005
hierarchical_jaccard,jaccard,stl_st_louis_downtown_airport_to_st_louis_lambert_2026-01-12_0034,st_louis_downtown_airport_to_st_louis_lambert,St. Louis Downtown Airport to St. Louis Lambert,w_0034,0.0,0.3,0.3,0.4,35.0695243590648,25.96730924078877,40,1,hier_jaccard_001,hier_jaccard_005
hierarchical_jaccard,jaccard,stl_st_louis_downtown_airport_to_st_louis_lambert_2026-01-12_0035,st_louis_downtown_airport_to_st_louis_lambert,St. Louis Downtown Airport to St. Louis Lambert,w_0035,0.0,0.3,0.4,0.3,35.0695243590648,24.37130144273818,40,1,hier_jaccard_001,hier_jaccard_005
hierarchical_jaccard,jaccard,stl_st_louis_downtown_airport_to_st_louis_lambert_2026-01-12_0036,st_louis_downtown_airport_to_st_louis_lambert,St. Louis Downtown Airport to St. Louis Lambert,w_0036,0.0,0.3,0.5,0.2,35.0695243590648,22.7752936446876,40,1,hier_jaccard_001,hier_jaccard_005
hierarchical_jaccard,jaccard,stl_st_louis_downtown_airport_to_st_louis_lambert_2026-01-12_0039,st_louis_downtown_airport_to_st_louis_lambert,St. Louis Downtown Airport to St. Louis Lambert,w_0039,0.0,0.4,0.0,0.6,36.19711858407648,28.76484096834563,43,3,hier_jaccard_003,hier_jaccard_004
hierarchical_jaccard,jaccard,stl_st_louis_downtown_airport_to_st_louis_lambert_2026-01-12_0040,st_louis_downtown_airport_to_st_louis_lambert,St. Louis Downtown Airport to St. Louis Lambert,w_0040,0.0,0.4,0.1,0.5,36.19706506082596,27.46063790373003,43,3,hier_jaccard_003,hier_jaccard_004
hierarchical_jaccard,jaccard,stl_st_louis_downtown_airport_to_st_louis_lambert_2026-01-12_0041,st_louis_downtown_airport_to_st_louis_lambert,St. Louis Downtown Airport to St. Louis Lambert,w_0041,0.0,0.4,0.2,0.4,36.19706506082596,26.156434839114432,43,3,hier_jaccard_003,hier_jaccard_004
hierarchical_jaccard,jaccard,stl_st_louis_downtown_airport_to_st_louis_lambert_2026-01-12_0042,st_louis_downtown_airport_to_st_louis_lambert,St. Louis Downtown Airport to St. Louis Lambert,w_0042,0.0,0.4,0.3,0.3,36.57210005386254,24.81244569072187,44,3,hier_jaccard_003,hier_jaccard_004
hierarchical_jaccard,jaccard,stl_st_louis_downtown_airport_to_st_louis_lambert_2026-01-12_0046,st_louis_downtown_airport_to_st_louis_lambert,St. Louis Downtown Airport to St. Louis Lambert,w_0046,0.0,0.5,0.0,0.5,44.03384803406542,26.60939863291437,54,4,hier_jaccard_004,hier_jaccard_002
hierarchical_jaccard,jaccard,stl_st_louis_downtown_airport_to_st_louis_lambert_2026-01-12_0047,st_louis_downtown_airport_to_st_louis_lambert,St. Louis Downtown Airport to St. Louis Lambert,w_0047,0.0,0.5,0.1,0.4,36.57210005386254,25.505226945543544,44,3,hier_jaccard_003,hier_jaccard_004
hierarchical_jaccard,jaccard,stl_st_louis_downtown_airport_to_st_louis_lambert_2026-01-12_0048,st_louis_downtown_airport_to_st_louis_lambert,St. Louis Downtown Airport to St. Louis Lambert,w_0048,0.0,0.5,0.2,0.3,36.57210005386254,24.10898337021947,44,3,hier_jaccard_003,hier_jaccard_004
hierarchical_jaccard,jaccard,stl_st_louis_downtown_airport_to_st_louis_lambert_2026-01-12_0049,st_louis_downtown_airport_to_st_louis_lambert,St. Louis Downtown Airport to St. Louis Lambert,w_0049,0.0,0.5,0.3,0.2,36.57210005386254,22.71273979489539,44,3,hier_jaccard_003,hier_jaccard_004
hierarchical_jaccard,jaccard,stl_st_louis_downtown_airport_to_st_louis_lambert_2026-01-12_0052,st_louis_downtown_airport_to_st_louis_lambert,St. Louis Downtown Airport to St. Louis Lambert,w_0052,0.0,0.6,0.0,0.4,44.03384803406542,23.091278359497245,54,4,hier_jaccard_004,hier_jaccard_002
hierarchical_jaccard,jaccard,stl_st_louis_downtown_airport_to_st_louis_lambert_2026-01-12_0053,st_louis_downtown_airport_to_st_louis_lambert,St. Louis Downtown Airport to St. Louis Lambert,w_0053,0.0,0.6,0.1,0.3,44.03962378121224,22.56876803427192,54,4,hier_jaccard_004,hier_jaccard_002
hierarchical_jaccard,jaccard,stl_st_louis_downtown_airport_to_st_louis_lambert_2026-01-12_0057,st_louis_downtown_airport_to_st_louis_lambert,St. Louis Downtown Airport to St. Louis Lambert,w_0057,0.0,0.7,0.0,0.3,44.94282493851701,19.51444065027037,55,4,hier_jaccard_004,hier_jaccard_002
hierarchical_jaccard,jaccard,stl_st_louis_downtown_airport_to_st_louis_lambert_2026-01-12_0058,st_louis_downtown_airport_to_st_louis_lambert,St. Louis Downtown Airport to St. Louis Lambert,w_0058,0.0,0.7,0.1,0.2,44.41505224442823,19.018514101832004,55,4,hier_jaccard_004,hier_jaccard_002
hierarchical_jaccard,jaccard,stl_st_louis_downtown_airport_to_st_louis_lambert_2026-01-12_0061,st_louis_downtown_airport_to_st_louis_lambert,St. Louis Downtown Airport to St. Louis Lambert,w_0061,0.0,0.8,0.0,0.2,44.94282493851701,15.902217886023276,55,4,hier_jaccard_004,hier_jaccard_002
hierarchical_jaccard,jaccard,stl_st_louis_downtown_airport_to_st_louis_lambert_2026-01-12_0064,st_louis_downtown_airport_to_st_louis_lambert,St. Louis Downtown Airport to St. Louis Lambert,w_0064,0.0,0.9,0.0,0.1,47.51143657183832,12.183943361283864,59,4,hier_jaccard_004,hier_jaccard_002
hierarchical_jaccard,jaccard,stl_st_louis_downtown_airport_to_st_louis_lambert_2026-01-12_0067,st_louis_downtown_airport_to_st_louis_lambert,St. Louis Downtown Airport to St. Louis Lambert,w_0067,0.1,0.0,0.0,0.9,35.06847425714207,33.919512377179984,40,6,hier_jaccard_006,hier_jaccard_006
hierarchical_jaccard,jaccard,stl_st_louis_downtown_airport_to_st_louis_lambert_2026-01-12_0068,st_louis_downtown_airport_to_st_louis_lambert,St. Louis Downtown Airport to St. Louis Lambert,w_0068,0.1,0.0,0.1,0.8,35.06925127294606,32.36359009474353,40,1,hier_jaccard_001,hier_jaccard_005
hierarchical_jaccard,jaccard,stl_st_louis_downtown_airport_to_st_louis_lambert_2026-01-12_0069,st_louis_downtown_airport_to_st_louis_lambert,St. Louis Downtown Airport to St. Louis Lambert,w_0069,0.1,0.0,0.2,0.7,35.06925127294606,30.807582296692942,40,1,hier_jaccard_001,hier_jaccard_005
hierarchical_jaccard,jaccard,stl_st_louis_downtown_airport_to_st_louis_lambert_2026-01-12_0070,st_louis_downtown_airport_to_st_louis_lambert,St. Louis Downtown Airport to St. Louis Lambert,w_0070,0.1,0.0,0.3,0.6,35.06925127294606,29.25157449864236,40,1,hier_jaccard_001,hier_jaccard_005
hierarchical_jaccard,jaccard,stl_st_louis_downtown_airport_to_st_louis_lambert_2026-01-12_0071,st_louis_downtown_airport_to_st_louis_lambert,St. Louis Downtown Airport to St. Louis Lambert,w_0071,0.1,0.0,0.4,0.5,35.06925127294606,27.69556670059177,40,1,hier_jaccard_001,hier_jaccard_005
hierarchical_jaccard,jaccard,stl_st_louis_downtown_airport_to_st_louis_lambert_2026-01-12_0072,st_louis_downtown_airport_to_st_louis_lambert,St. Louis Downtown Airport to St. Louis Lambert,w_0072,0.1,0.0,0.5,0.4,35.442843120650096,26.05227737083551,41,2,hier_jaccard_002,hier_jaccard_001
hierarchical_jaccard,jaccard,stl_st_louis_downtown_airport_to_st_louis_lambert_2026-01-12_0073,st_louis_downtown_airport_to_st_louis_lambert,St. Louis Downtown Airport to St. Louis Lambert,w_0073,0.1,0.0,0.6,0.3,35.817747454429586,24.261863766296266,42,2,hier_jaccard_002,hier_jaccard_001
hierarchical_jaccard,jaccard,stl_st_louis_downtown_airport_to_st_louis_lambert_2026-01-12_0074,st_louis_downtown_airport_to_st_louis_lambert,St. Louis Downtown Airport to St. Louis Lambert,w_0074,0.1,0.0,0.7,0.2,35.817747454429586,22.39851193767317,42,2,hier_jaccard_002,hier_jaccard_001
hierarchical_jaccard,jaccard,stl_st_louis_downtown_airport_to_st_louis_lambert_2026-01-12_0075,st_louis_downtown_airport_to_st_louis_lambert,St. Louis Downtown Airport to St. Louis Lambert,w_0075,0.1,0.0,0.8,0.1,36.72116636796444,20.41500034353593,43,2,hier_jaccard_002,hier_jaccard_001
hierarchical_jaccard,jaccard,stl_st_louis_downtown_airport_to_st_louis_lambert_2026-01-12_0076,st_louis_downtown_airport_to_st_louis_lambert,St. Louis Downtown Airport to St. Louis Lambert,w_0076,0.1,0.0,0.9,0.0,38.38089228250955,18.20766230840758,46,2,hier_jaccard_002,hier_jaccard_001
hierarchical_jaccard,jaccard,stl_st_louis_downtown_airport_to_st_louis_lambert_2026-01-12_0077,st_louis_downtown_airport_to_st_louis_lambert,St. Louis Downtown Airport to St. Louis Lambert,w_0077,0.1,0.1,0.0,0.8,35.06932923764436,33.05836377091505,40,1,hier_jaccard_001,hier_jaccard_005
hierarchical_jaccard,jaccard,stl_st_louis_downtown_airport_to_st_louis_lambert_2026-01-12_0078,st_louis_downtown_airport_to_st_louis_lambert,St. Louis Downtown Airport to St. Louis Lambert,w_0078,0.1,0.1,0.1,0.7,35.06932923764436,31.502355972864464,40,1,hier_jaccard_001,hier_jaccard_005
hierarchical_jaccard,jaccard,stl_st_louis_downtown_airport_to_st_louis_lambert_2026-01-12_0079,st_louis_downtown_airport_to_st_louis_lambert,St. Louis Downtown Airport to St. Louis Lambert,w_0079,0.1,0.1,0.2,0.6,35.06932923764436,29.94634817481388,40,1,hier_jaccard_001,hier_jaccard_005
hierarchical_jaccard,jaccard,stl_st_louis_downtown_airport_to_st_louis_lambert_2026-01-12_0080,st_louis_downtown_airport_to_st_louis_lambert,St. Louis Downtown Airport to St. Louis Lambert,w_0080,0.1,0.1,0.3,0.5,35.06932923764436,28.39034037676329,40,1,hier_jaccard_001,hier_jaccard_005
hierarchical_jaccard,jaccard,stl_st_louis_downtown_airport_to_st_louis_lambert_2026-01-12_0081,st_louis_downtown_airport_to_st_louis_lambert,St. Louis Downtown Airport to St. Louis Lambert,w_0081,0.1,0.1,0.4,0.4,35.06932923764436,26.834332578712704,40,1,hier_jaccard_001,hier_jaccard_005
hierarchical_jaccard,jaccard,stl_st_louis_downtown_airport_to_st_louis_lambert_2026-01-12_0082,st_louis_downtown_airport_to_st_louis_lambert,St. Louis Downtown Airport to St. Louis Lambert,w_0082,0.1,0.1,0.5,0.3,35.442843120650096,25.2450381191828,41,2,hier_jaccard_002,hier_jaccard_001
hierarchical_jaccard,jaccard,stl_st_louis_downtown_airport_to_st_louis_lambert_2026-01-12_0083,st_louis_downtown_airport_to_st_louis_lambert,St. Louis Downtown Airport to St. Louis Lambert,w_0083,0.1,0.1,0.6,0.2,35.81770857923019,23.422802383239663,42,2,hier_jaccard_002,hier_jaccard_001
hierarchical_jaccard,jaccard,stl_st_louis_downtown_airport_to_st_louis_lambert_2026-01-12_0084,st_louis_downtown_airport_to_st_louis_lambert,St. Louis Downtown Airport to St. Louis Lambert,w_0084,0.1,0.1,0.7,0.1,36.72112749276505,21.452503223390146,43,2,hier_jaccard_002,hier_jaccard_001
hierarchical_jaccard,jaccard,stl_st_louis_downtown_airport_to_st_louis_lambert_2026-01-12_0085,st_louis_downtown_airport_to_st_louis_lambert,St. Louis Downtown Airport to St. Louis Lambert,w_0085,0.1,0.1,0.8,0.0,36.56808750092465,19.42169829340994,44,2,hier_jaccard_002,hier_jaccard_001
hierarchical_jaccard,jaccard,stl_st_louis_downtown_airport_to_st_louis_lambert_2026-01-12_0086,st_louis_downtown_airport_to_st_louis_lambert,St. Louis Downtown Airport to St. Louis Lambert,w_0086,0.1,0.2,0.0,0.7,35.06987633323177,32.1620659109165,40,1,hier_jaccard_001,hier_jaccard_005
hierarchical_jaccard,jaccard,stl_st_louis_downtown_airport_to_st_louis_lambert_2026-01-12_0087,st_louis_downtown_airport_to_st_louis_lambert,St. Louis Downtown Airport to St. Louis Lambert,w_0087,0.1,0.2,0.1,0.6,35.06932923764436,30.64111327046616,40,1,hier_jaccard_001,hier_jaccard_005
hierarchical_jaccard,jaccard,stl_st_louis_downtown_airport_to_st_louis_lambert_2026-01-12_0088,st_louis_downtown_airport_to_st_louis_lambert,St. Louis Downtown Airport to St. Louis Lambert,w_0088,0.1,0.2,0.2,0.5,35.0695243590648,29.05783410821335,40,1,hier_jaccard_001,hier_jaccard_005
hierarchical_jaccard,jaccard,stl_st_louis_downtown_airport_to_st_louis_lambert_2026-01-12_0089,st_louis_downtown_airport_to_st_louis_lambert,St. Louis Downtown Airport to St. Louis Lambert,w_0089,0.1,0.2,0.3,0.4,35.0695243590648,27.461826310162763,40,1,hier_jaccard_001,hier_jaccard_005
hierarchical_jaccard,jaccard,stl_st_louis_downtown_airport_to_st_louis_lambert_2026-01-12_0090,st_louis_downtown_airport_to_st_louis_lambert,St. Louis Downtown Airport to St. Louis Lambert,w_0090,0.1,0.2,0.4,0.3,35.0695243590648,25.865818512112178,40,1,hier_jaccard_001,hier_jaccard_005
hierarchical_jaccard,jaccard,stl_st_louis_downtown_airport_to_st_louis_lambert_2026-01-12_0091,st_louis_downtown_airport_to_st_louis_lambert,St. Louis Downtown Airport to St. Louis Lambert,w_0091,0.1,0.2,0.5,0.2,35.0695243590648,24.26981071406159,40,1,hier_jaccard_001,hier_jaccard_005
hierarchical_jaccard,jaccard,stl_st_louis_downtown_airport_to_st_louis_lambert_2026-01-12_0092,st_louis_downtown_airport_to_st_louis_lambert,St. Louis Downtown Airport to St. Louis Lambert,w_0092,0.1,0.2,0.6,0.1,36.19257017168355,22.426120301966805,43,2,hier_jaccard_002,hier_jaccard_001
hierarchical_jaccard,jaccard,stl_st_louis_downtown_airport_to_st_louis_lambert_2026-01-12_0093,st_louis_downtown_airport_to_st_louis_lambert,St. Louis Downtown Airport to St. Louis Lambert,w_0093,0.1,0.2,0.7,0.0,36.94362745866816,20.37287142196479,45,2,hier_jaccard_002,hier_jaccard_001
hierarchical_jaccard,jaccard,stl_st_louis_downtown_airport_to_st_louis_lambert_2026-01-12_0094,st_louis_downtown_airport_to_st_louis_lambert,St. Louis Downtown Airport to St. Louis Lambert,w_0094,0.1,0.3,0.0,0.6,35.44580648998812,30.91560226902656,41,3,hier_jaccard_003,hier_jaccard_004
hierarchical_jaccard,jaccard,stl_st_louis_downtown_airport_to_st_louis_lambert_2026-01-12_0095,st_louis_downtown_airport_to_st_louis_lambert,St. Louis Downtown Airport to St. Louis Lambert,w_0095,0.1,0.3,0.1,0.5,35.44583331001682,29.54264426730652,41,3,hier_jaccard_003,hier_jaccard_004
hierarchical_jaccard,jaccard,stl_st_louis_downtown_airport_to_st_louis_lambert_2026-01-12_0096,st_louis_downtown_airport_to_st_louis_lambert,St. Louis Downtown Airport to St. Louis Lambert,w_0096,0.1,0.3,0.2,0.4,35.0695243590648,28.04294498652686,40,1,hier_jaccard_001,hier_jaccard_005
hierarchical_jaccard,jaccard,stl_st_louis_downtown_airport_to_st_louis_lambert_2026-01-12_0097,st_louis_downtown_airport_to_st_louis_lambert,St. Louis Downtown Airport to St. Louis Lambert,w_0097,0.1,0.3,0.3,0.3,35.0695243590648,26.44693718847627,40,1,hier_jaccard_001,hier_jaccard_005
hierarchical_jaccard,jaccard,stl_st_louis_downtown_airport_to_st_louis_lambert_2026-01-12_0098,st_louis_downtown_airport_to_st_louis_lambert,St. Louis Downtown Airport to St. Louis Lambert,w_0098,0.1,0.3,0.4,0.2,35.0695243590648,24.850929390425684,40,1,hier_jaccard_001,hier_jaccard_005
hierarchical_jaccard,jaccard,stl_st_louis_downtown_airport_to_st_louis_lambert_2026-01-12_0099,st_louis_downtown_airport_to_st_louis_lambert,St. Louis Downtown Airport to St. Louis Lambert,w_0099,0.1,0.3,0.5,0.1,36.1929354403576,23.19183979115055,43,2,hier_jaccard_002,hier_jaccard_001
hierarchical_jaccard,jaccard,stl_st_louis_downtown_airport_to_st_louis_lambert_2026-01-12_0100,st_louis_downtown_airport_to_st_louis_lambert,St. Louis Downtown Airport to St. Louis Lambert,w_0100,0.1,0.3,0.6,0.0,36.9437566145673,21.15483432024943,45,2,hier_jaccard_002,hier_jaccard_001
hierarchical_jaccard,jaccard,stl_st_louis_downtown_airport_to_st_louis_lambert_2026-01-12_0101,st_louis_downtown_airport_to_st_louis_lambert,St. Louis Downtown Airport to St. Louis Lambert,w_0101,0.1,0.4,0.0,0.5,36.197024617572914,29.1085576109412,43,3,hier_jaccard_003,hier_jaccard_004
hierarchical_jaccard,jaccard,stl_st_louis_downtown_airport_to_st_louis_lambert_2026-01-12_0102,st_louis_downtown_airport_to_st_louis_lambert,St. Louis Downtown Airport to St. Louis Lambert,w_0102,0.1,0.4,0.1,0.4,36.197051437601615,27.8043574980432,43,3,hier_jaccard_003,hier_jaccard_004
hierarchical_jaccard,jaccard,stl_st_louis_downtown_airport_to_st_louis_lambert_2026-01-12_0103,st_louis_downtown_airport_to_st_louis_lambert,St. Louis Downtown Airport to St. Louis Lambert,w_0103,0.1,0.4,0.2,0.3,36.57207281055306,26.493682387687382,44,3,hier_jaccard_003,hier_jaccard_004
hierarchical_jaccard,jaccard,stl_st_louis_downtown_airport_to_st_louis_lambert_2026-01-12_0104,st_louis_downtown_airport_to_st_louis_lambert,St. Louis Downtown Airport to St. Louis Lambert,w_0104,0.1,0.4,0.3,0.2,36.57207281055306,25.09743881236331,44,3,hier_jaccard_003,hier_jaccard_004
hierarchical_jaccard,jaccard,stl_st_louis_downtown_airport_to_st_louis_lambert_2026-01-12_0105,st_louis_downtown_airport_to_st_louis_lambert,St. Louis Downtown Airport to St. Louis Lambert,w_0105,0.1,0.4,0.4,0.1,37.3201517314027,23.627078925814818,46,2,hier_jaccard_002,hier_jaccard_001
hierarchical_jaccard,jaccard,stl_st_louis_downtown_airport_to_st_louis_lambert_2026-01-12_0106,st_louis_downtown_airport_to_st_louis_lambert,St. Louis Downtown Airport to St. Louis Lambert,w_0106,0.1,0.4,0.5,0.0,36.94352139252968,21.6662660673212,45,2,hier_jaccard_002,hier_jaccard_001
hierarchical_jaccard,jaccard,stl_st_louis_downtown_airport_to_st_louis_lambert_2026-01-12_0107,st_louis_downtown_airport_to_st_louis_lambert,St. Louis Downtown Airport to St. Louis Lambert,w_0107,0.1,0.5,0.0,0.4,41.9229869363072,26.803294458053653,54,4,hier_jaccard_004,hier_jaccard_002
hierarchical_jaccard,jaccard,stl_st_louis_downtown_airport_to_st_louis_lambert_2026-01-12_0108,st_louis_downtown_airport_to_st_louis_lambert,St. Louis Downtown Airport to St. Louis Lambert,w_0108,0.1,0.5,0.1,0.3,36.57207281055306,25.790220067184983,44,3,hier_jaccard_003,hier_jaccard_004
hierarchical_jaccard,jaccard,stl_st_louis_downtown_airport_to_st_louis_lambert_2026-01-12_0109,st_louis_downtown_airport_to_st_louis_lambert,St. Louis Downtown Airport to St. Louis Lambert,w_0109,0.1,0.5,0.2,0.2,36.57207281055306,24.39397649186091,44,3,hier_jaccard_003,hier_jaccard_004
hierarchical_jaccard,jaccard,stl_st_louis_downtown_airport_to_st_louis_lambert_2026-01-12_0110,st_louis_downtown_airport_to_st_louis_lambert,St. Louis Downtown Airport to St. Louis Lambert,w_0110,0.1,0.5,0.3,0.1,36.57207281055306,22.99773291653684,44,3,hier_jaccard_003,hier_jaccard_004
hierarchical_jaccard,jaccard,stl_st_louis_downtown_airport_to_st_louis_lambert_2026-01-12_0111,st_louis_downtown_airport_to_st_louis_lambert,St. Louis Downtown Airport to St. Louis Lambert,w_0111,0.1,0.5,0.4,0.0,37.69513227528876,21.278449363059988,47,2,hier_jaccard_002,hier_jaccard_001
hierarchical_jaccard,jaccard,stl_st_louis_downtown_airport_to_st_louis_lambert_2026-01-12_0112,st_louis_downtown_airport_to_st_louis_lambert,St. Louis Downtown Airport to St. Louis Lambert,w_0112,0.1,0.6,0.0,0.3,41.9229869363072,23.285174184636524,54,4,hier_jaccard_004,hier_jaccard_002
hierarchical_jaccard,jaccard,stl_st_louis_downtown_airport_to_st_louis_lambert_2026-01-12_0113,st_louis_downtown_airport_to_st_louis_lambert,St. Louis Downtown Airport to St. Louis Lambert,w_0113,0.1,0.6,0.1,0.2,41.9231441835412,22.854983011965462,54,4,hier_jaccard_004,hier_jaccard_002
hierarchical_jaccard,jaccard,stl_st_louis_downtown_airport_to_st_louis_lambert_2026-01-12_0114,st_louis_downtown_airport_to_st_louis_lambert,St. Louis Downtown Airport to St. Louis Lambert,w_0114,0.1,0.6,0.2,0.1,44.268746722829775,22.28934016125821,56,4,hier_jaccard_004,hier_jaccard_002
hierarchical_jaccard,jaccard,stl_st_louis_downtown_airport_to_st_louis_lambert_2026-01-12_0115,st_louis_downtown_airport_to_st_louis_lambert,St. Louis Downtown Airport to St. Louis Lambert,w_0115,0.1,0.6,0.3,0.0,37.69513227528876,20.69472027239,47,2,hier_jaccard_002,hier_jaccard_001
hierarchical_jaccard,jaccard,stl_st_louis_downtown_airport_to_st_louis_lambert_2026-01-12_0116,st_louis_downtown_airport_to_st_louis_lambert,St. Louis Downtown Airport to St. Louis Lambert,w_0116,0.1,0.7,0.0,0.2,42.29849336979702,19.68966338678702,55,4,hier_jaccard_004,hier_jaccard_002
hierarchical_jaccard,jaccard,stl_st_louis_downtown_airport_to_st_louis_lambert_2026-01-12_0117,st_louis_downtown_airport_to_st_louis_lambert,St. Louis Downtown Airport to St. Louis Lambert,w_0117,0.1,0.7,0.1,0.1,41.77090840586574,19.272973366336764,55,4,hier_jaccard_004,hier_jaccard_002
hierarchical_jaccard,jaccard,stl_st_louis_downtown_airport_to_st_louis_lambert_2026-01-12_0118,st_louis_downtown_airport_to_st_louis_lambert,St. Louis Downtown Airport to St. Louis Lambert,w_0118,0.1,0.7,0.2,0.0,44.268746722829775,18.59455913231921,56,4,hier_jaccard_004,hier_jaccard_002
hierarchical_jaccard,jaccard,stl_st_louis_downtown_airport_to_st_louis_lambert_2026-01-12_0119,st_louis_downtown_airport_to_st_louis_lambert,St. Louis Downtown Airport to St. Louis Lambert,w_0119,0.1,0.8,0.0,0.1,41.77074742931658,16.059358768896814,55,4,hier_jaccard_004,hier_jaccard_002
hierarchical_jaccard,jaccard,stl_st_louis_downtown_airport_to_st_louis_lambert_2026-01-12_0120,st_louis_downtown_airport_to_st_louis_lambert,St. Louis Downtown Airport to St. Louis Lambert,w_0120,0.1,0.8,0.1,0.0,44.33983822901969,15.566646421201742,59,4,hier_jaccard_004,hier_jaccard_002
hierarchical_jaccard,jaccard,stl_st_louis_downtown_airport_to_st_louis_lambert_2026-01-12_0121,st_louis_downtown_airport_to_st_louis_lambert,St. Louis Downtown Airport to St. Louis Lambert,w_0121,0.1,0.9,0.0,0.0,43.80569615290962,12.300538894859075,59,4,hier_jaccard_004,hier_jaccard_002
hierarchical_jaccard,jaccard,stl_st_louis_downtown_airport_to_st_louis_lambert_2026-01-12_0122,st_louis_downtown_airport_to_st_louis_lambert,St. Louis Downtown Airport to St. Louis Lambert,w_0122,0.2,0.0,0.0,0.8,35.06847425714207,34.43902475435996,40,6,hier_jaccard_006,hier_jaccard_006
hierarchical_jaccard,jaccard,stl_st_louis_downtown_airport_to_st_louis_lambert_2026-01-12_0123,st_louis_downtown_airport_to_st_louis_lambert,St. Louis Downtown Airport to St. Louis Lambert,w_0123,0.2,0.0,0.1,0.7,35.06925127294606,32.88318798753764,40,1,hier_jaccard_001,hier_jaccard_005
hierarchical_jaccard,jaccard,stl_st_louis_downtown_airport_to_st_louis_lambert_2026-01-12_0124,st_louis_downtown_airport_to_st_louis_lambert,St. Louis Downtown Airport to St. Louis Lambert,w_0124,0.2,0.0,0.2,0.6,35.06925127294606,31.32718018948705,40,1,hier_jaccard_001,hier_jaccard_005
hierarchical_jaccard,jaccard,stl_st_louis_downtown_airport_to_st_louis_lambert_2026-01-12_0125,st_louis_downtown_airport_to_st_louis_lambert,St. Louis Downtown Airport to St. Louis Lambert,w_0125,0.2,0.0,0.3,0.5,35.06925127294606,29.771172391436465,40,1,hier_jaccard_001,hier_jaccard_005
hierarchical_jaccard,jaccard,stl_st_louis_downtown_airport_to_st_louis_lambert_2026-01-12_0126,st_louis_downtown_airport_to_st_louis_lambert,St. Louis Downtown Airport to St. Louis Lambert,w_0126,0.2,0.0,0.4,0.4,35.06925127294606,28.21516459338588,40,1,hier_jaccard_001,hier_jaccard_005
hierarchical_jaccard,jaccard,stl_st_louis_downtown_airport_to_st_louis_lambert_2026-01-12_0127,st_louis_downtown_airport_to_st_louis_lambert,St. Louis Downtown Airport to St. Louis Lambert,w_0127,0.2,0.0,0.5,0.3,35.442843120650096,26.512991462459787,41,2,hier_jaccard_002,hier_jaccard_001
hierarchical_jaccard,jaccard,stl_st_louis_downtown_airport_to_st_louis_lambert_2026-01-12_0128,st_louis_downtown_airport_to_st_louis_lambert,St. Louis Downtown Airport to St. Louis Lambert,w_0128,0.2,0.0,0.6,0.2,35.817747454429586,24.70383850433106,42,2,hier_jaccard_002,hier_jaccard_001
hierarchical_jaccard,jaccard,stl_st_louis_downtown_airport_to_st_louis_lambert_2026-01-12_0129,st_louis_downtown_airport_to_st_louis_lambert,St. Louis Downtown Airport to St. Louis Lambert,w_0129,0.2,0.0,0.7,0.1,35.817747454429586,22.84048667570797,42,2,hier_jaccard_002,hier_jaccard_001
hierarchical_jaccard,jaccard,stl_st_louis_downtown_airport_to_st_louis_lambert_2026-01-12_0130,st_louis_downtown_airport_to_st_louis_lambert,St. Louis Downtown Airport to St. Louis Lambert,w_0130,0.2,0.0,0.8,0.0,36.56811270663066,20.767522700847444,44,2,hier_jaccard_002,hier_jaccard_001
hierarchical_jaccard,jaccard,stl_st_louis_downtown_airport_to_st_louis_lambert_2026-01-12_0131,st_louis_downtown_airport_to_st_louis_lambert,St. Louis Downtown Airport to St. Louis Lambert,w_0131,0.2,0.1,0.0,0.7,35.06932923764436,33.5779702442284,40,1,hier_jaccard_001,hier_jaccard_005
hierarchical_jaccard,jaccard,stl_st_louis_downtown_airport_to_st_louis_lambert_2026-01-12_0132,st_louis_downtown_airport_to_st_louis_lambert,St. Louis Downtown Airport to St. Louis Lambert,w_0132,0.2,0.1,0.1,0.6,35.06932923764436,32.02196244617781,40,1,hier_jaccard_001,hier_jaccard_005
hierarchical_jaccard,jaccard,stl_st_louis_downtown_airport_to_st_louis_lambert_2026-01-12_0133,st_louis_downtown_airport_to_st_louis_lambert,St. Louis Downtown Airport to St. Louis Lambert,w_0133,0.2,0.1,0.2,0.5,35.06932923764436,30.465954648127227,40,1,hier_jaccard_001,hier_jaccard_005
hierarchical_jaccard,jaccard,stl_st_louis_downtown_airport_to_st_louis_lambert_2026-01-12_0134,st_louis_downtown_airport_to_st_louis_lambert,St. Louis Downtown Airport to St. Louis Lambert,w_0134,0.2,0.1,0.3,0.4,35.06932923764436,28.90994685007664,40,1,hier_jaccard_001,hier_jaccard_005
hierarchical_jaccard,jaccard,stl_st_louis_downtown_airport_to_st_louis_lambert_2026-01-12_0135,st_louis_downtown_airport_to_st_louis_lambert,St. Louis Downtown Airport to St. Louis Lambert,w_0135,0.2,0.1,0.4,0.3,35.06932923764436,27.353939052026057,40,1,hier_jaccard_001,hier_jaccard_005
hierarchical_jaccard,jaccard,stl_st_louis_downtown_airport_to_st_louis_lambert_2026-01-12_0136,st_louis_downtown_airport_to_st_louis_lambert,St. Louis Downtown Airport to St. Louis Lambert,w_0136,0.2,0.1,0.5,0.2,35.442843120650096,25.70575221080708,41,2,hier_jaccard_002,hier_jaccard_001
hierarchical_jaccard,jaccard,stl_st_louis_downtown_airport_to_st_louis_lambert_2026-01-12_0137,st_louis_downtown_airport_to_st_louis_lambert,St. Louis Downtown Airport to St. Louis Lambert,w_0137,0.2,0.1,0.6,0.1,35.817667796605,23.834304108672853,42,2,hier_jaccard_002,hier_jaccard_001
hierarchical_jaccard,jaccard,stl_st_louis_downtown_airport_to_st_louis_lambert_2026-01-12_0138,st_louis_downtown_airport_to_st_louis_lambert,St. Louis Downtown Airport to St. Louis Lambert,w_0138,0.2,0.1,0.7,0.0,36.19257017168355,21.850841154701943,43,2,hier_jaccard_002,hier_jaccard_001
hierarchical_jaccard,jaccard,stl_st_louis_downtown_airport_to_st_louis_lambert_2026-01-12_0139,st_louis_downtown_airport_to_st_louis_lambert,St. Louis Downtown Airport to St. Louis Lambert,w_0139,0.2,0.2,0.0,0.6,35.06987633323177,32.64173259563728,40,1,hier_jaccard_001,hier_jaccard_005
hierarchical_jaccard,jaccard,stl_st_louis_downtown_airport_to_st_louis_lambert_2026-01-12_0140,st_louis_downtown_airport_to_st_louis_lambert,St. Louis Downtown Airport to St. Louis Lambert,w_0140,0.2,0.2,0.1,0.5,35.0695243590648,31.133469853951443,40,1,hier_jaccard_001,hier_jaccard_005
hierarchical_jaccard,jaccard,stl_st_louis_downtown_airport_to_st_louis_lambert_2026-01-12_0141,st_louis_downtown_airport_to_st_louis_lambert,St. Louis Downtown Airport to St. Louis Lambert,w_0141,0.2,0.2,0.2,0.4,35.0695243590648,29.537462055900857,40,1,hier_jaccard_001,hier_jaccard_005
hierarchical_jaccard,jaccard,stl_st_louis_downtown_airport_to_st_louis_lambert_2026-01-12_0142,st_louis_downtown_airport_to_st_louis_lambert,St. Louis Downtown Airport to St. Louis Lambert,w_0142,0.2,0.2,0.3,0.3,35.0695243590648,27.941454257850268,40,1,hier_jaccard_001,hier_jaccard_005
hierarchical_jaccard,jaccard,stl_st_louis_downtown_airport_to_st_louis_lambert_2026-01-12_0143,st_louis_downtown_airport_to_st_louis_lambert,St. Louis Downtown Airport to St. Louis Lambert,w_0143,0.2,0.2,0.4,0.2,35.0695243590648,26.34544645979968,40,1,hier_jaccard_001,hier_jaccard_005
hierarchical_jaccard,jaccard,stl_st_louis_downtown_airport_to_st_louis_lambert_2026-01-12_0144,st_louis_downtown_airport_to_st_louis_lambert,St. Louis Downtown Airport to St. Louis Lambert,w_0144,0.2,0.2,0.5,0.1,35.0695243590648,24.7494386617491,40,1,hier_jaccard_001,hier_jaccard_005
hierarchical_jaccard,jaccard,stl_st_louis_downtown_airport_to_st_louis_lambert_2026-01-12_0145,st_louis_downtown_airport_to_st_louis_lambert,St. Louis Downtown Airport to St. Louis Lambert,w_0145,0.2,0.2,0.6,0.0,36.56815120628127,22.783336911099124,44,2,hier_jaccard_002,hier_jaccard_001
hierarchical_jaccard,jaccard,stl_st_louis_downtown_airport_to_st_louis_lambert_2026-01-12_0146,st_louis_downtown_airport_to_st_louis_lambert,St. Louis Downtown Airport to St. Louis Lambert,w_0146,0.2,0.3,0.0,0.5,36.197024617572914,31.361064011450352,43,3,hier_jaccard_003,hier_jaccard_004
hierarchical_jaccard,jaccard,stl_st_louis_downtown_airport_to_st_louis_lambert_2026-01-12_0147,st_louis_downtown_airport_to_st_louis_lambert,St. Louis Downtown Airport to St. Louis Lambert,w_0147,0.2,0.3,0.1,0.4,35.44583331001682,30.00368744860793,41,3,hier_jaccard_003,hier_jaccard_004
hierarchical_jaccard,jaccard,stl_st_louis_downtown_airport_to_st_louis_lambert_2026-01-12_0148,st_louis_downtown_airport_to_st_louis_lambert,St. Louis Downtown Airport to St. Louis Lambert,w_0148,0.2,0.3,0.2,0.3,35.0695243590648,28.522572934214367,40,1,hier_jaccard_001,hier_jaccard_005
hierarchical_jaccard,jaccard,stl_st_louis_downtown_airport_to_st_louis_lambert_2026-01-12_0149,st_louis_downtown_airport_to_st_louis_lambert,St. Louis Downtown Airport to St. Louis Lambert,w_0149,0.2,0.3,0.3,0.2,35.0695243590648,26.92656513616378,40,1,hier_jaccard_001,hier_jaccard_005
hierarchical_jaccard,jaccard,stl_st_louis_downtown_airport_to_st_louis_lambert_2026-01-12_0150,st_louis_downtown_airport_to_st_louis_lambert,St. Louis Downtown Airport to St. Louis Lambert,w_0150,0.2,0.3,0.4,0.1,35.0695243590648,25.33055733811319,40,1,hier_jaccard_001,hier_jaccard_005
hierarchical_jaccard,jaccard,stl_st_louis_downtown_airport_to_st_louis_lambert_2026-01-12_0151,st_louis_downtown_airport_to_st_louis_lambert,St. Louis Downtown Airport to St. Louis Lambert,w_0151,0.2,0.3,0.5,0.0,36.56854084864364,23.508652422707105,44,2,hier_jaccard_002,hier_jaccard_001
hierarchical_jaccard,jaccard,stl_st_louis_downtown_airport_to_st_louis_lambert_2026-01-12_0152,st_louis_downtown_airport_to_st_louis_lambert,St. Louis Downtown Airport to St. Louis Lambert,w_0152,0.2,0.4,0.0,0.4,36.197024617572914,29.45227425353676,43,3,hier_jaccard_003,hier_jaccard_004
hierarchical_jaccard,jaccard,stl_st_louis_downtown_airport_to_st_louis_lambert_2026-01-12_0153,st_louis_downtown_airport_to_st_louis_lambert,St. Louis Downtown Airport to St. Louis Lambert,w_0153,0.2,0.4,0.1,0.3,36.197051437601615,28.148077092356367,43,3,hier_jaccard_003,hier_jaccard_004
hierarchical_jaccard,jaccard,stl_st_louis_downtown_airport_to_st_louis_lambert_2026-01-12_0154,st_louis_downtown_airport_to_st_louis_lambert,St. Louis Downtown Airport to St. Louis Lambert,w_0154,0.2,0.4,0.2,0.2,36.57207281055306,26.77867550932883,44,3,hier_jaccard_003,hier_jaccard_004
hierarchical_jaccard,jaccard,stl_st_louis_downtown_airport_to_st_louis_lambert_2026-01-12_0155,st_louis_downtown_airport_to_st_louis_lambert,St. Louis Downtown Airport to St. Louis Lambert,w_0155,0.2,0.4,0.3,0.1,36.57207281055306,25.38243193400476,44,3,hier_jaccard_003,hier_jaccard_004
hierarchical_jaccard,jaccard,stl_st_louis_downtown_airport_to_st_louis_lambert_2026-01-12_0156,st_louis_downtown_airport_to_st_louis_lambert,St. Louis Downtown Airport to St. Louis Lambert,w_0156,0.2,0.4,0.4,0.0,37.69513227528876,23.783160227991736,47,2,hier_jaccard_002,hier_jaccard_001
hierarchical_jaccard,jaccard,stl_st_louis_downtown_airport_to_st_louis_lambert_2026-01-12_0157,st_louis_downtown_airport_to_st_louis_lambert,St. Louis Downtown Airport to St. Louis Lambert,w_0157,0.2,0.5,0.0,0.3,41.9229869363072,26.99719028319293,54,4,hier_jaccard_004,hier_jaccard_002
hierarchical_jaccard,jaccard,stl_st_louis_downtown_airport_to_st_louis_lambert_2026-01-12_0158,st_louis_downtown_airport_to_st_louis_lambert,St. Louis Downtown Airport to St. Louis Lambert,w_0158,0.2,0.5,0.1,0.2,36.57207281055306,26.075213188826428,44,3,hier_jaccard_003,hier_jaccard_004
hierarchical_jaccard,jaccard,stl_st_louis_downtown_airport_to_st_louis_lambert_2026-01-12_0159,st_louis_downtown_airport_to_st_louis_lambert,St. Louis Downtown Airport to St. Louis Lambert,w_0159,0.2,0.5,0.2,0.1,36.57207281055306,24.67896961350236,44,3,hier_jaccard_003,hier_jaccard_004
hierarchical_jaccard,jaccard,stl_st_louis_downtown_airport_to_st_louis_lambert_2026-01-12_0160,st_louis_downtown_airport_to_st_louis_lambert,St. Louis Downtown Airport to St. Louis Lambert,w_0160,0.2,0.5,0.3,0.0,37.69513227528876,23.19943113732174,47,2,hier_jaccard_002,hier_jaccard_001
hierarchical_jaccard,jaccard,stl_st_louis_downtown_airport_to_st_louis_lambert_2026-01-12_0161,st_louis_downtown_airport_to_st_louis_lambert,St. Louis Downtown Airport to St. Louis Lambert,w_0161,0.2,0.6,0.0,0.2,41.77074742931658,23.44094518026453,55,4,hier_jaccard_004,hier_jaccard_002
hierarchical_jaccard,jaccard,stl_st_louis_downtown_airport_to_st_louis_lambert_2026-01-12_0162,st_louis_downtown_airport_to_st_louis_lambert,St. Louis Downtown Airport to St. Louis Lambert,w_0162,0.2,0.6,0.1,0.1,41.39551894523517,22.9765638390984,54,4,hier_jaccard_004,hier_jaccard_002
hierarchical_jaccard,jaccard,stl_st_louis_downtown_airport_to_st_louis_lambert_2026-01-12_0163,st_louis_downtown_airport_to_st_louis_lambert,St. Louis Downtown Airport to St. Louis Lambert,w_0163,0.2,0.6,0.2,0.0,42.45066273626711,22.50586274048545,54,4,hier_jaccard_004,hier_jaccard_002
hierarchical_jaccard,jaccard,stl_st_louis_downtown_airport_to_st_louis_lambert_2026-01-12_0164,st_louis_downtown_airport_to_st_louis_lambert,St. Louis Downtown Airport to St. Louis Lambert,w_0164,0.2,0.7,0.0,0.1,41.77074742931658,19.788722416017443,55,4,hier_jaccard_004,hier_jaccard_002
hierarchical_jaccard,jaccard,stl_st_louis_downtown_airport_to_st_louis_lambert_2026-01-12_0165,st_louis_downtown_airport_to_st_louis_lambert,St. Louis Downtown Airport to St. Louis Lambert,w_0165,0.2,0.7,0.1,0.0,41.77090840586574,19.35013196572056,55,4,hier_jaccard_004,hier_jaccard_002
hierarchical_jaccard,jaccard,stl_st_louis_downtown_airport_to_st_louis_lambert_2026-01-12_0166,st_louis_downtown_airport_to_st_louis_lambert,St. Louis Downtown Airport to St. Louis Lambert,w_0166,0.2,0.8,0.0,0.0,41.77074742931658,16.13649965177035,55,4,hier_jaccard_004,hier_jaccard_002
hierarchical_jaccard,jaccard,stl_st_louis_downtown_airport_to_st_louis_lambert_2026-01-12_0167,st_louis_downtown_airport_to_st_louis_lambert,St. Louis Downtown Airport to St. Louis Lambert,w_0167,0.25,0.25,0.25,0.25,35.0695243590648,28.47182756987607,40,1,hier_jaccard_001,hier_jaccard_005
hierarchical_jaccard,jaccard,stl_st_louis_downtown_airport_to_st_louis_lambert_2026-01-12_0168,st_louis_downtown_airport_to_st_louis_lambert,St. Louis Downtown Airport to St. Louis Lambert,w_0168,0.3,0.0,0.0,0.7,35.06847425714207,34.95853713153994,40,6,hier_jaccard_006,hier_jaccard_006
hierarchical_jaccard,jaccard,stl_st_louis_downtown_airport_to_st_louis_lambert_2026-01-12_0169,st_louis_downtown_airport_to_st_louis_lambert,St. Louis Downtown Airport to St. Louis Lambert,w_0169,0.3,0.0,0.1,0.6,35.06925127294606,33.40278588033175,40,1,hier_jaccard_001,hier_jaccard_005
hierarchical_jaccard,jaccard,stl_st_louis_downtown_airport_to_st_louis_lambert_2026-01-12_0170,st_louis_downtown_airport_to_st_louis_lambert,St. Louis Downtown Airport to St. Louis Lambert,w_0170,0.3,0.0,0.2,0.5,35.06925127294606,31.84677808228116,40,1,hier_jaccard_001,hier_jaccard_005
hierarchical_jaccard,jaccard,stl_st_louis_downtown_airport_to_st_louis_lambert_2026-01-12_0171,st_louis_downtown_airport_to_st_louis_lambert,St. Louis Downtown Airport to St. Louis Lambert,w_0171,0.3,0.0,0.3,0.4,35.06925127294606,30.29077028423057,40,1,hier_jaccard_001,hier_jaccard_005
hierarchical_jaccard,jaccard,stl_st_louis_downtown_airport_to_st_louis_lambert_2026-01-12_0172,st_louis_downtown_airport_to_st_louis_lambert,St. Louis Downtown Airport to St. Louis Lambert,w_0172,0.3,0.0,0.4,0.3,35.06925127294606,28.73476248617999,40,1,hier_jaccard_001,hier_jaccard_005
hierarchical_jaccard,jaccard,stl_st_louis_downtown_airport_to_st_louis_lambert_2026-01-12_0173,st_louis_downtown_airport_to_st_louis_lambert,St. Louis Downtown Airport to St. Louis Lambert,w_0173,0.3,0.0,0.5,0.2,35.442843120650096,26.97370555408407,41,2,hier_jaccard_002,hier_jaccard_001
hierarchical_jaccard,jaccard,stl_st_louis_downtown_airport_to_st_louis_lambert_2026-01-12_0174,st_louis_downtown_airport_to_st_louis_lambert,St. Louis Downtown Airport to St. Louis Lambert,w_0174,0.3,0.0,0.6,0.1,35.817747454429586,25.145813242365858,42,2,hier_jaccard_002,hier_jaccard_001
hierarchical_jaccard,jaccard,stl_st_louis_downtown_airport_to_st_louis_lambert_2026-01-12_0175,st_louis_downtown_airport_to_st_louis_lambert,St. Louis Downtown Airport to St. Louis Lambert,w_0175,0.3,0.0,0.7,0.0,36.56811270663066,23.202278971485374,44,2,hier_jaccard_002,hier_jaccard_001
hierarchical_jaccard,jaccard,stl_st_louis_downtown_airport_to_st_louis_lambert_2026-01-12_0176,st_louis_downtown_airport_to_st_louis_lambert,St. Louis Downtown Airport to St. Louis Lambert,w_0176,0.3,0.1,0.0,0.6,35.06932923764436,34.09757671754175,40,1,hier_jaccard_001,hier_jaccard_005
hierarchical_jaccard,jaccard,stl_st_louis_downtown_airport_to_st_louis_lambert_2026-01-12_0177,st_louis_downtown_airport_to_st_louis_lambert,St. Louis Downtown Airport to St. Louis Lambert,w_0177,0.3,0.1,0.1,0.5,35.06932923764436,32.54156891949116,40,1,hier_jaccard_001,hier_jaccard_005
hierarchical_jaccard,jaccard,stl_st_louis_downtown_airport_to_st_louis_lambert_2026-01-12_0178,st_louis_downtown_airport_to_st_louis_lambert,St. Louis Downtown Airport to St. Louis Lambert,w_0178,0.3,0.1,0.2,0.4,35.06932923764436,30.985561121440576,40,1,hier_jaccard_001,hier_jaccard_005
hierarchical_jaccard,jaccard,stl_st_louis_downtown_airport_to_st_louis_lambert_2026-01-12_0179,st_louis_downtown_airport_to_st_louis_lambert,St. Louis Downtown Airport to St. Louis Lambert,w_0179,0.3,0.1,0.3,0.3,35.06932923764436,29.42955332338999,40,1,hier_jaccard_001,hier_jaccard_005
hierarchical_jaccard,jaccard,stl_st_louis_downtown_airport_to_st_louis_lambert_2026-01-12_0180,st_louis_downtown_airport_to_st_louis_lambert,St. Louis Downtown Airport to St. Louis Lambert,w_0180,0.3,0.1,0.4,0.2,35.0695243590648,27.83996352917368,40,1,hier_jaccard_001,hier_jaccard_005
hierarchical_jaccard,jaccard,stl_st_louis_downtown_airport_to_st_louis_lambert_2026-01-12_0181,st_louis_downtown_airport_to_st_louis_lambert,St. Louis Downtown Airport to St. Louis Lambert,w_0181,0.3,0.1,0.5,0.1,35.4428023380249,26.135993079905194,41,2,hier_jaccard_002,hier_jaccard_001
hierarchical_jaccard,jaccard,stl_st_louis_downtown_airport_to_st_louis_lambert_2026-01-12_0182,st_louis_downtown_airport_to_st_louis_lambert,St. Louis Downtown Airport to St. Louis Lambert,w_0182,0.3,0.1,0.6,0.0,36.19257017168355,24.218332206548265,43,2,hier_jaccard_002,hier_jaccard_001
hierarchical_jaccard,jaccard,stl_st_louis_downtown_airport_to_st_louis_lambert_2026-01-12_0183,st_louis_downtown_airport_to_st_louis_lambert,St. Louis Downtown Airport to St. Louis Lambert,w_0183,0.3,0.2,0.0,0.5,35.06987633323177,33.12139928035805,40,1,hier_jaccard_001,hier_jaccard_005
hierarchical_jaccard,jaccard,stl_st_louis_downtown_airport_to_st_louis_lambert_2026-01-12_0184,st_louis_downtown_airport_to_st_louis_lambert,St. Louis Downtown Airport to St. Louis Lambert,w_0184,0.3,0.2,0.1,0.4,35.0695243590648,31.613097801638947,40,1,hier_jaccard_001,hier_jaccard_005
hierarchical_jaccard,jaccard,stl_st_louis_downtown_airport_to_st_louis_lambert_2026-01-12_0185,st_louis_downtown_airport_to_st_louis_lambert,St. Louis Downtown Airport to St. Louis Lambert,w_0185,0.3,0.2,0.2,0.3,35.0695243590648,30.01709000358836,40,1,hier_jaccard_001,hier_jaccard_005
hierarchical_jaccard,jaccard,stl_st_louis_downtown_airport_to_st_louis_lambert_2026-01-12_0186,st_louis_downtown_airport_to_st_louis_lambert,St. Louis Downtown Airport to St. Louis Lambert,w_0186,0.3,0.2,0.3,0.2,35.0695243590648,28.42108220553777,40,1,hier_jaccard_001,hier_jaccard_005
hierarchical_jaccard,jaccard,stl_st_louis_downtown_airport_to_st_louis_lambert_2026-01-12_0187,st_louis_downtown_airport_to_st_louis_lambert,St. Louis Downtown Airport to St. Louis Lambert,w_0187,0.3,0.2,0.4,0.1,35.0695243590648,26.82507440748719,40,1,hier_jaccard_001,hier_jaccard_005
hierarchical_jaccard,jaccard,stl_st_louis_downtown_airport_to_st_louis_lambert_2026-01-12_0188,st_louis_downtown_airport_to_st_louis_lambert,St. Louis Downtown Airport to St. Louis Lambert,w_0188,0.3,0.2,0.5,0.0,36.19303044087033,25.14656997991895,43,2,hier_jaccard_002,hier_jaccard_001
hierarchical_jaccard,jaccard,stl_st_louis_downtown_airport_to_st_louis_lambert_2026-01-12_0189,st_louis_downtown_airport_to_st_louis_lambert,St. Louis Downtown Airport to St. Louis Lambert,w_0189,0.3,0.3,0.0,0.4,36.197024617572914,31.70478065404592,43,3,hier_jaccard_003,hier_jaccard_004
hierarchical_jaccard,jaccard,stl_st_louis_downtown_airport_to_st_louis_lambert_2026-01-12_0190,st_louis_downtown_airport_to_st_louis_lambert,St. Louis Downtown Airport to St. Louis Lambert,w_0190,0.3,0.3,0.1,0.3,36.197051437601615,30.400586444583126,43,3,hier_jaccard_003,hier_jaccard_004
hierarchical_jaccard,jaccard,stl_st_louis_downtown_airport_to_st_louis_lambert_2026-01-12_0191,st_louis_downtown_airport_to_st_louis_lambert,St. Louis Downtown Airport to St. Louis Lambert,w_0191,0.3,0.3,0.2,0.2,35.0695243590648,29.00220088190187,40,1,hier_jaccard_001,hier_jaccard_005
hierarchical_jaccard,jaccard,stl_st_louis_downtown_airport_to_st_louis_lambert_2026-01-12_0192,st_louis_downtown_airport_to_st_louis_lambert,St. Louis Downtown Airport to St. Louis Lambert,w_0192,0.3,0.3,0.3,0.1,35.0695243590648,27.40619308385128,40,1,hier_jaccard_001,hier_jaccard_005
hierarchical_jaccard,jaccard,stl_st_louis_downtown_airport_to_st_louis_lambert_2026-01-12_0193,st_louis_downtown_airport_to_st_louis_lambert,St. Louis Downtown Airport to St. Louis Lambert,w_0193,0.3,0.3,0.4,0.0,36.1929354403576,25.77171551816817,43,2,hier_jaccard_002,hier_jaccard_001
hierarchical_jaccard,jaccard,stl_st_louis_downtown_airport_to_st_louis_lambert_2026-01-12_0194,st_louis_downtown_airport_to_st_louis_lambert,St. Louis Downtown Airport to St. Louis Lambert,w_0194,0.3,0.4,0.0,0.3,36.197024617572914,29.795990896132324,43,3,hier_jaccard_003,hier_jaccard_004
hierarchical_jaccard,jaccard,stl_st_louis_downtown_airport_to_st_louis_lambert_2026-01-12_0195,st_louis_downtown_airport_to_st_louis_lambert,St. Louis Downtown Airport to St. Louis Lambert,w_0195,0.3,0.4,0.1,0.2,36.57207281055306,28.459912206294348,44,3,hier_jaccard_003,hier_jaccard_004
hierarchical_jaccard,jaccard,stl_st_louis_downtown_airport_to_st_louis_lambert_2026-01-12_0196,st_louis_downtown_airport_to_st_louis_lambert,St. Louis Downtown Airport to St. Louis Lambert,w_0196,0.3,0.4,0.2,0.1,36.57207281055306,27.06366863097028,44,3,hier_jaccard_003,hier_jaccard_004
hierarchical_jaccard,jaccard,stl_st_louis_downtown_airport_to_st_louis_lambert_2026-01-12_0197,st_louis_downtown_airport_to_st_louis_lambert,St. Louis Downtown Airport to St. Louis Lambert,w_0197,0.3,0.4,0.3,0.0,36.57207281055306,25.6674250556462,44,3,hier_jaccard_003,hier_jaccard_004
hierarchical_jaccard,jaccard,stl_st_louis_downtown_airport_to_st_louis_lambert_2026-01-12_0198,st_louis_downtown_airport_to_st_louis_lambert,St. Louis Downtown Airport to St. Louis Lambert,w_0198,0.3,0.5,0.0,0.2,41.395240995826775,27.096840547402863,54,4,hier_jaccard_004,hier_jaccard_002
hierarchical_jaccard,jaccard,stl_st_louis_downtown_airport_to_st_louis_lambert_2026-01-12_0199,st_louis_downtown_airport_to_st_louis_lambert,St. Louis Downtown Airport to St. Louis Lambert,w_0199,0.3,0.5,0.1,0.1,36.57207281055306,26.36020631046788,44,3,hier_jaccard_003,hier_jaccard_004
hierarchical_jaccard,jaccard,stl_st_louis_downtown_airport_to_st_louis_lambert_2026-01-12_0200,st_louis_downtown_airport_to_st_louis_lambert,St. Louis Downtown Airport to St. Louis Lambert,w_0200,0.3,0.5,0.2,0.0,36.57207281055306,24.9639627351438,44,3,hier_jaccard_003,hier_jaccard_004
hierarchical_jaccard,jaccard,stl_st_louis_downtown_airport_to_st_louis_lambert_2026-01-12_0201,st_louis_downtown_airport_to_st_louis_lambert,St. Louis Downtown Airport to St. Louis Lambert,w_0201,0.3,0.6,0.0,0.1,41.77074742931658,23.51808606313807,55,4,hier_jaccard_004,hier_jaccard_002
hierarchical_jaccard,jaccard,stl_st_louis_downtown_airport_to_st_louis_lambert_2026-01-12_0202,st_louis_downtown_airport_to_st_louis_lambert,St. Louis Downtown Airport to St. Louis Lambert,w_0202,0.3,0.6,0.1,0.0,41.39551894523517,23.072408400724427,54,4,hier_jaccard_004,hier_jaccard_002
hierarchical_jaccard,jaccard,stl_st_louis_downtown_airport_to_st_louis_lambert_2026-01-12_0203,st_louis_downtown_airport_to_st_louis_lambert,St. Louis Downtown Airport to St. Louis Lambert,w_0203,0.3,0.7,0.0,0.0,41.77074742931658,19.86586329889098,55,4,hier_jaccard_004,hier_jaccard_002
hierarchical_jaccard,jaccard,stl_st_louis_downtown_airport_to_st_louis_lambert_2026-01-12_0204,st_louis_downtown_airport_to_st_louis_lambert,St. Louis Downtown Airport to St. Louis Lambert,w_0204,0.4,0.0,0.0,0.6,35.06847425714207,35.47804950871992,40,6,hier_jaccard_006,hier_jaccard_006
hierarchical_jaccard,jaccard,stl_st_louis_downtown_airport_to_st_louis_lambert_2026-01-12_0205,st_louis_downtown_airport_to_st_louis_lambert,St. Louis Downtown Airport to St. Louis Lambert,w_0205,0.4,0.0,0.1,0.5,35.06925127294606,33.92238377312586,40,1,hier_jaccard_001,hier_jaccard_005
hierarchical_jaccard,jaccard,stl_st_louis_downtown_airport_to_st_louis_lambert_2026-01-12_0206,st_louis_downtown_airport_to_st_louis_lambert,St. Louis Downtown Airport to St. Louis Lambert,w_0206,0.4,0.0,0.2,0.4,35.06925127294606,32.36637597507527,40,1,hier_jaccard_001,hier_jaccard_005
hierarchical_jaccard,jaccard,stl_st_louis_downtown_airport_to_st_louis_lambert_2026-01-12_0207,st_louis_downtown_airport_to_st_louis_lambert,St. Louis Downtown Airport to St. Louis Lambert,w_0207,0.4,0.0,0.3,0.3,35.06925127294606,30.810368177024685,40,1,hier_jaccard_001,hier_jaccard_005
hierarchical_jaccard,jaccard,stl_st_louis_downtown_airport_to_st_louis_lambert_2026-01-12_0208,st_louis_downtown_airport_to_st_louis_lambert,St. Louis Downtown Airport to St. Louis Lambert,w_0208,0.4,0.0,0.4,0.2,35.442843120650096,29.196106989866102,41,2,hier_jaccard_002,hier_jaccard_001
hierarchical_jaccard,jaccard,stl_st_louis_downtown_airport_to_st_louis_lambert_2026-01-12_0209,st_louis_downtown_airport_to_st_louis_lambert,St. Louis Downtown Airport to St. Louis Lambert,w_0209,0.4,0.0,0.5,0.1,35.442843120650096,27.43441964570835,41,2,hier_jaccard_002,hier_jaccard_001
hierarchical_jaccard,jaccard,stl_st_louis_downtown_airport_to_st_louis_lambert_2026-01-12_0210,st_louis_downtown_airport_to_st_louis_lambert,St. Louis Downtown Airport to St. Louis Lambert,w_0210,0.4,0.0,0.6,0.0,35.8176658010044,25.58775203445071,42,2,hier_jaccard_002,hier_jaccard_001
hierarchical_jaccard,jaccard,stl_st_louis_downtown_airport_to_st_louis_lambert_2026-01-12_0211,st_louis_downtown_airport_to_st_louis_lambert,St. Louis Downtown Airport to St. Louis Lambert,w_0211,0.4,0.1,0.0,0.5,35.06932923764436,34.6171831908551,40,1,hier_jaccard_001,hier_jaccard_005
hierarchical_jaccard,jaccard,stl_st_louis_downtown_airport_to_st_louis_lambert_2026-01-12_0212,st_louis_downtown_airport_to_st_louis_lambert,St. Louis Downtown Airport to St. Louis Lambert,w_0212,0.4,0.1,0.1,0.4,35.06932923764436,33.061175392804515,40,1,hier_jaccard_001,hier_jaccard_005
hierarchical_jaccard,jaccard,stl_st_louis_downtown_airport_to_st_louis_lambert_2026-01-12_0213,st_louis_downtown_airport_to_st_louis_lambert,St. Louis Downtown Airport to St. Louis Lambert,w_0213,0.4,0.1,0.2,0.3,35.06932923764436,31.505167594753928,40,1,hier_jaccard_001,hier_jaccard_005
hierarchical_jaccard,jaccard,stl_st_louis_downtown_airport_to_st_louis_lambert_2026-01-12_0214,st_louis_downtown_airport_to_st_louis_lambert,St. Louis Downtown Airport to St. Louis Lambert,w_0214,0.4,0.1,0.3,0.2,35.0695243590648,29.91559927491177,40,1,hier_jaccard_001,hier_jaccard_005
hierarchical_jaccard,jaccard,stl_st_louis_downtown_airport_to_st_louis_lambert_2026-01-12_0215,st_louis_downtown_airport_to_st_louis_lambert,St. Louis Downtown Airport to St. Louis Lambert,w_0215,0.4,0.1,0.4,0.1,35.0695243590648,28.319591476861188,40,1,hier_jaccard_001,hier_jaccard_005
hierarchical_jaccard,jaccard,stl_st_louis_downtown_airport_to_st_louis_lambert_2026-01-12_0216,st_louis_downtown_airport_to_st_louis_lambert,St. Louis Downtown Airport to St. Louis Lambert,w_0216,0.4,0.1,0.5,0.0,35.817667796605,26.541026035429034,42,2,hier_jaccard_002,hier_jaccard_001
hierarchical_jaccard,jaccard,stl_st_louis_downtown_airport_to_st_louis_lambert_2026-01-12_0217,st_louis_downtown_airport_to_st_louis_lambert,St. Louis Downtown Airport to St. Louis Lambert,w_0217,0.4,0.2,0.0,0.4,35.06987633323177,33.60106596507882,40,1,hier_jaccard_001,hier_jaccard_005
hierarchical_jaccard,jaccard,stl_st_louis_downtown_airport_to_st_louis_lambert_2026-01-12_0218,st_louis_downtown_airport_to_st_louis_lambert,St. Louis Downtown Airport to St. Louis Lambert,w_0218,0.4,0.2,0.1,0.3,35.0695243590648,32.092725749326455,40,1,hier_jaccard_001,hier_jaccard_005
hierarchical_jaccard,jaccard,stl_st_louis_downtown_airport_to_st_louis_lambert_2026-01-12_0219,st_louis_downtown_airport_to_st_louis_lambert,St. Louis Downtown Airport to St. Louis Lambert,w_0219,0.4,0.2,0.2,0.2,35.0695243590648,30.49671795127587,40,1,hier_jaccard_001,hier_jaccard_005
hierarchical_jaccard,jaccard,stl_st_louis_downtown_airport_to_st_louis_lambert_2026-01-12_0220,st_louis_downtown_airport_to_st_louis_lambert,St. Louis Downtown Airport to St. Louis Lambert,w_0220,0.4,0.2,0.3,0.1,35.0695243590648,28.90071015322528,40,1,hier_jaccard_001,hier_jaccard_005
hierarchical_jaccard,jaccard,stl_st_louis_downtown_airport_to_st_louis_lambert_2026-01-12_0221,st_louis_downtown_airport_to_st_louis_lambert,St. Louis Downtown Airport to St. Louis Lambert,w_0221,0.4,0.2,0.4,0.0,35.0695243590648,27.304702355174697,40,1,hier_jaccard_001,hier_jaccard_005
hierarchical_jaccard,jaccard,stl_st_louis_downtown_airport_to_st_louis_lambert_2026-01-12_0222,st_louis_downtown_airport_to_st_louis_lambert,St. Louis Downtown Airport to St. Louis Lambert,w_0222,0.4,0.3,0.0,0.3,36.197024617572914,32.048497296641486,43,3,hier_jaccard_003,hier_jaccard_004
hierarchical_jaccard,jaccard,stl_st_louis_downtown_airport_to_st_louis_lambert_2026-01-12_0223,st_louis_downtown_airport_to_st_louis_lambert,St. Louis Downtown Airport to St. Louis Lambert,w_0223,0.4,0.3,0.1,0.2,36.197051437601615,30.74430603889629,43,3,hier_jaccard_003,hier_jaccard_004
hierarchical_jaccard,jaccard,stl_st_louis_downtown_airport_to_st_louis_lambert_2026-01-12_0224,st_louis_downtown_airport_to_st_louis_lambert,St. Louis Downtown Airport to St. Louis Lambert,w_0224,0.4,0.3,0.2,0.1,36.19674065010991,29.41329682335121,43,1,hier_jaccard_001,hier_jaccard_005
hierarchical_jaccard,jaccard,stl_st_louis_downtown_airport_to_st_louis_lambert_2026-01-12_0225,st_louis_downtown_airport_to_st_louis_lambert,St. Louis Downtown Airport to St. Louis Lambert,w_0225,0.4,0.3,0.3,0.0,35.0695243590648,27.88582103153879,40,1,hier_jaccard_001,hier_jaccard_005
hierarchical_jaccard,jaccard,stl_st_louis_downtown_airport_to_st_louis_lambert_2026-01-12_0226,st_louis_downtown_airport_to_st_louis_lambert,St. Louis Downtown Airport to St. Louis Lambert,w_0226,0.4,0.4,0.0,0.2,36.197024617572914,30.13970753872789,43,3,hier_jaccard_003,hier_jaccard_004
hierarchical_jaccard,jaccard,stl_st_louis_downtown_airport_to_st_louis_lambert_2026-01-12_0227,st_louis_downtown_airport_to_st_louis_lambert,St. Louis Downtown Airport to St. Louis Lambert,w_0227,0.4,0.4,0.1,0.1,36.57207281055306,28.7449053279358,44,3,hier_jaccard_003,hier_jaccard_004
hierarchical_jaccard,jaccard,stl_st_louis_downtown_airport_to_st_louis_lambert_2026-01-12_0228,st_louis_downtown_airport_to_st_louis_lambert,St. Louis Downtown Airport to St. Louis Lambert,w_0228,0.4,0.4,0.2,0.0,36.57207281055306,27.34866175261172,44,3,hier_jaccard_003,hier_jaccard_004
hierarchical_jaccard,jaccard,stl_st_louis_downtown_airport_to_st_louis_lambert_2026-01-12_0229,st_louis_downtown_airport_to_st_louis_lambert,St. Louis Downtown Airport to St. Louis Lambert,w_0229,0.4,0.5,0.0,0.1,40.86156395761667,27.16346527897982,54,4,hier_jaccard_004,hier_jaccard_002
hierarchical_jaccard,jaccard,stl_st_louis_downtown_airport_to_st_louis_lambert_2026-01-12_0230,st_louis_downtown_airport_to_st_louis_lambert,St. Louis Downtown Airport to St. Louis Lambert,w_0230,0.4,0.5,0.1,0.0,36.57207281055306,26.645199432109315,44,3,hier_jaccard_003,hier_jaccard_004
hierarchical_jaccard,jaccard,stl_st_louis_downtown_airport_to_st_louis_lambert_2026-01-12_0231,st_louis_downtown_airport_to_st_louis_lambert,St. Louis Downtown Airport to St. Louis Lambert,w_0231,0.4,0.6,0.0,0.0,41.77074742931658,23.595226946011607,55,4,hier_jaccard_004,hier_jaccard_002
hierarchical_jaccard,jaccard,stl_st_louis_downtown_airport_to_st_louis_lambert_2026-01-12_0232,st_louis_downtown_airport_to_st_louis_lambert,St. Louis Downtown Airport to St. Louis Lambert,w_0232,0.5,0.0,0.0,0.5,35.06847425714207,35.9975618858999,40,6,hier_jaccard_006,hier_jaccard_006
hierarchical_jaccard,jaccard,stl_st_louis_downtown_airport_to_st_louis_lambert_2026-01-12_0233,st_louis_downtown_airport_to_st_louis_lambert,St. Louis Downtown Airport to St. Louis Lambert,w_0233,0.5,0.0,0.1,0.4,35.06925127294606,34.44198166591997,40,1,hier_jaccard_001,hier_jaccard_005
hierarchical_jaccard,jaccard,stl_st_louis_downtown_airport_to_st_louis_lambert_2026-01-12_0234,st_louis_downtown_airport_to_st_louis_lambert,St. Louis Downtown Airport to St. Louis Lambert,w_0234,0.5,0.0,0.2,0.3,35.06925127294606,32.88597386786938,40,1,hier_jaccard_001,hier_jaccard_005
hierarchical_jaccard,jaccard,stl_st_louis_downtown_airport_to_st_louis_lambert_2026-01-12_0235,st_louis_downtown_airport_to_st_louis_lambert,St. Louis Downtown Airport to St. Louis Lambert,w_0235,0.5,0.0,0.3,0.2,35.06925127294606,31.329966069818795,40,1,hier_jaccard_001,hier_jaccard_005
hierarchical_jaccard,jaccard,stl_st_louis_downtown_airport_to_st_louis_lambert_2026-01-12_0236,st_louis_downtown_airport_to_st_louis_lambert,St. Louis Downtown Airport to St. Louis Lambert,w_0236,0.5,0.0,0.4,0.1,35.442843120650096,29.65682108149038,41,2,hier_jaccard_002,hier_jaccard_001
hierarchical_jaccard,jaccard,stl_st_louis_downtown_airport_to_st_louis_lambert_2026-01-12_0237,st_louis_downtown_airport_to_st_louis_lambert,St. Louis Downtown Airport to St. Louis Lambert,w_0237,0.5,0.0,0.5,0.0,35.8176658010044,27.893069614621112,42,2,hier_jaccard_002,hier_jaccard_001
hierarchical_jaccard,jaccard,stl_st_louis_downtown_airport_to_st_louis_lambert_2026-01-12_0238,st_louis_downtown_airport_to_st_louis_lambert,St. Louis Downtown Airport to St. Louis Lambert,w_0238,0.5,0.1,0.0,0.4,35.06932923764436,35.136789664168454,40,1,hier_jaccard_001,hier_jaccard_005
hierarchical_jaccard,jaccard,stl_st_louis_downtown_airport_to_st_louis_lambert_2026-01-12_0239,st_louis_downtown_airport_to_st_louis_lambert,St. Louis Downtown Airport to St. Louis Lambert,w_0239,0.5,0.1,0.1,0.3,35.06932923764436,33.58078186611787,40,1,hier_jaccard_001,hier_jaccard_005
hierarchical_jaccard,jaccard,stl_st_louis_downtown_airport_to_st_louis_lambert_2026-01-12_0240,st_louis_downtown_airport_to_st_louis_lambert,St. Louis Downtown Airport to St. Louis Lambert,w_0240,0.5,0.1,0.2,0.2,35.0695243590648,31.99123502064986,40,1,hier_jaccard_001,hier_jaccard_005
hierarchical_jaccard,jaccard,stl_st_louis_downtown_airport_to_st_louis_lambert_2026-01-12_0241,st_louis_downtown_airport_to_st_louis_lambert,St. Louis Downtown Airport to St. Louis Lambert,w_0241,0.5,0.1,0.3,0.1,35.0695243590648,30.395227222599274,40,1,hier_jaccard_001,hier_jaccard_005
hierarchical_jaccard,jaccard,stl_st_louis_downtown_airport_to_st_louis_lambert_2026-01-12_0242,st_louis_downtown_airport_to_st_louis_lambert,St. Louis Downtown Airport to St. Louis Lambert,w_0242,0.5,0.1,0.4,0.0,35.4428023380249,28.779099630528226,41,2,hier_jaccard_002,hier_jaccard_001
hierarchical_jaccard,jaccard,stl_st_louis_downtown_airport_to_st_louis_lambert_2026-01-12_0243,st_louis_downtown_airport_to_st_louis_lambert,St. Louis Downtown Airport to St. Louis Lambert,w_0243,0.5,0.2,0.0,0.3,35.44580648998812,34.07490917421423,41,3,hier_jaccard_003,hier_jaccard_004
hierarchical_jaccard,jaccard,stl_st_louis_downtown_airport_to_st_louis_lambert_2026-01-12_0244,st_louis_downtown_airport_to_st_louis_lambert,St. Louis Downtown Airport to St. Louis Lambert,w_0244,0.5,0.2,0.1,0.2,35.0695243590648,32.57235369701396,40,1,hier_jaccard_001,hier_jaccard_005
hierarchical_jaccard,jaccard,stl_st_louis_downtown_airport_to_st_louis_lambert_2026-01-12_0245,st_louis_downtown_airport_to_st_louis_lambert,St. Louis Downtown Airport to St. Louis Lambert,w_0245,0.5,0.2,0.2,0.1,35.0695243590648,30.97634589896337,40,1,hier_jaccard_001,hier_jaccard_005
hierarchical_jaccard,jaccard,stl_st_louis_downtown_airport_to_st_louis_lambert_2026-01-12_0246,st_louis_downtown_airport_to_st_louis_lambert,St. Louis Downtown Airport to St. Louis Lambert,w_0246,0.5,0.2,0.3,0.0,35.0695243590648,29.380338100912784,40,1,hier_jaccard_001,hier_jaccard_005
hierarchical_jaccard,jaccard,stl_st_louis_downtown_airport_to_st_louis_lambert_2026-01-12_0247,st_louis_downtown_airport_to_st_louis_lambert,St. Louis Downtown Airport to St. Louis Lambert,w_0247,0.5,0.3,0.0,0.2,36.197024617572914,32.392213939237045,43,3,hier_jaccard_003,hier_jaccard_004
hierarchical_jaccard,jaccard,stl_st_louis_downtown_airport_to_st_louis_lambert_2026-01-12_0248,st_louis_downtown_airport_to_st_louis_lambert,St. Louis Downtown Airport to St. Louis Lambert,w_0248,0.5,0.3,0.1,0.1,36.197051437601615,31.08802563320946,43,3,hier_jaccard_003,hier_jaccard_004
hierarchical_jaccard,jaccard,stl_st_louis_downtown_airport_to_st_louis_lambert_2026-01-12_0249,st_louis_downtown_airport_to_st_louis_lambert,St. Louis Downtown Airport to St. Louis Lambert,w_0249,0.5,0.3,0.2,0.0,36.19674065010991,29.716982213491075,43,1,hier_jaccard_001,hier_jaccard_005
hierarchical_jaccard,jaccard,stl_st_louis_downtown_airport_to_st_louis_lambert_2026-01-12_0250,st_louis_downtown_airport_to_st_louis_lambert,St. Louis Downtown Airport to St. Louis Lambert,w_0250,0.5,0.4,0.0,0.1,36.57204599052436,30.4261272663133,44,3,hier_jaccard_003,hier_jaccard_004
hierarchical_jaccard,jaccard,stl_st_louis_downtown_airport_to_st_louis_lambert_2026-01-12_0251,st_louis_downtown_airport_to_st_louis_lambert,St. Louis Downtown Airport to St. Louis Lambert,w_0251,0.5,0.4,0.1,0.0,36.57207281055306,29.029898449577235,44,3,hier_jaccard_003,hier_jaccard_004
hierarchical_jaccard,jaccard,stl_st_louis_downtown_airport_to_st_louis_lambert_2026-01-12_0252,st_louis_downtown_airport_to_st_louis_lambert,St. Louis Downtown Airport to St. Louis Lambert,w_0252,0.5,0.5,0.0,0.0,40.86156395761667,27.20054464117176,54,4,hier_jaccard_004,hier_jaccard_002
hierarchical_jaccard,jaccard,stl_st_louis_downtown_airport_to_st_louis_lambert_2026-01-12_0253,st_louis_downtown_airport_to_st_louis_lambert,St. Louis Downtown Airport to St. Louis Lambert,w_0253,0.6,0.0,0.0,0.4,35.06847425714207,36.51707426307988,40,6,hier_jaccard_006,hier_jaccard_006
hierarchical_jaccard,jaccard,stl_st_louis_downtown_airport_to_st_louis_lambert_2026-01-12_0254,st_louis_downtown_airport_to_st_louis_lambert,St. Louis Downtown Airport to St. Louis Lambert,w_0254,0.6,0.0,0.1,0.3,35.06925127294606,34.96157955871408,40,1,hier_jaccard_001,hier_jaccard_005
hierarchical_jaccard,jaccard,stl_st_louis_downtown_airport_to_st_louis_lambert_2026-01-12_0255,st_louis_downtown_airport_to_st_louis_lambert,St. Louis Downtown Airport to St. Louis Lambert,w_0255,0.6,0.0,0.2,0.2,35.06925127294606,33.40557176066349,40,1,hier_jaccard_001,hier_jaccard_005
hierarchical_jaccard,jaccard,stl_st_louis_downtown_airport_to_st_louis_lambert_2026-01-12_0256,st_louis_downtown_airport_to_st_louis_lambert,St. Louis Downtown Airport to St. Louis Lambert,w_0256,0.6,0.0,0.3,0.1,35.06925127294606,31.849563962612905,40,1,hier_jaccard_001,hier_jaccard_005
hierarchical_jaccard,jaccard,stl_st_louis_downtown_airport_to_st_louis_lambert_2026-01-12_0257,st_louis_downtown_airport_to_st_louis_lambert,St. Louis Downtown Airport to St. Louis Lambert,w_0257,0.6,0.0,0.4,0.0,35.442761467224926,30.117481254189737,41,2,hier_jaccard_002,hier_jaccard_001
hierarchical_jaccard,jaccard,stl_st_louis_downtown_airport_to_st_louis_lambert_2026-01-12_0258,st_louis_downtown_airport_to_st_louis_lambert,St. Louis Downtown Airport to St. Louis Lambert,w_0258,0.6,0.1,0.0,0.3,35.06987633323177,35.61919972142248,40,1,hier_jaccard_001,hier_jaccard_005
hierarchical_jaccard,jaccard,stl_st_louis_downtown_airport_to_st_louis_lambert_2026-01-12_0259,st_louis_downtown_airport_to_st_louis_lambert,St. Louis Downtown Airport to St. Louis Lambert,w_0259,0.6,0.1,0.1,0.2,35.0695243590648,34.06687076638795,40,1,hier_jaccard_001,hier_jaccard_005
hierarchical_jaccard,jaccard,stl_st_louis_downtown_airport_to_st_louis_lambert_2026-01-12_0260,st_louis_downtown_airport_to_st_louis_lambert,St. Louis Downtown Airport to St. Louis Lambert,w_0260,0.6,0.1,0.2,0.1,35.0695243590648,32.470862968337364,40,1,hier_jaccard_001,hier_jaccard_005
hierarchical_jaccard,jaccard,stl_st_louis_downtown_airport_to_st_louis_lambert_2026-01-12_0261,st_louis_downtown_airport_to_st_louis_lambert,St. Louis Downtown Airport to St. Louis Lambert,w_0261,0.6,0.1,0.3,0.0,35.0695243590648,30.87485517028678,40,1,hier_jaccard_001,hier_jaccard_005
hierarchical_jaccard,jaccard,stl_st_louis_downtown_airport_to_st_louis_lambert_2026-01-12_0262,st_louis_downtown_airport_to_st_louis_lambert,St. Louis Downtown Airport to St. Louis Lambert,w_0262,0.6,0.2,0.0,0.2,35.44580648998812,34.53594940379804,41,3,hier_jaccard_003,hier_jaccard_004
hierarchical_jaccard,jaccard,stl_st_louis_downtown_airport_to_st_louis_lambert_2026-01-12_0263,st_louis_downtown_airport_to_st_louis_lambert,St. Louis Downtown Airport to St. Louis Lambert,w_0263,0.6,0.2,0.1,0.1,35.0695243590648,33.05198164470146,40,1,hier_jaccard_001,hier_jaccard_005
hierarchical_jaccard,jaccard,stl_st_louis_downtown_airport_to_st_louis_lambert_2026-01-12_0264,st_louis_downtown_airport_to_st_louis_lambert,St. Louis Downtown Airport to St. Louis Lambert,w_0264,0.6,0.2,0.2,0.0,35.0695243590648,31.45597384665088,40,1,hier_jaccard_001,hier_jaccard_005
hierarchical_jaccard,jaccard,stl_st_louis_downtown_airport_to_st_louis_lambert_2026-01-12_0265,st_louis_downtown_airport_to_st_louis_lambert,St. Louis Downtown Airport to St. Louis Lambert,w_0265,0.6,0.3,0.0,0.1,36.197024617572914,32.73593058183261,43,3,hier_jaccard_003,hier_jaccard_004
hierarchical_jaccard,jaccard,stl_st_louis_downtown_airport_to_st_louis_lambert_2026-01-12_0266,st_louis_downtown_airport_to_st_louis_lambert,St. Louis Downtown Airport to St. Louis Lambert,w_0266,0.6,0.3,0.1,0.0,36.57207281055306,31.414597467045155,44,3,hier_jaccard_003,hier_jaccard_004
hierarchical_jaccard,jaccard,stl_st_louis_downtown_airport_to_st_louis_lambert_2026-01-12_0267,st_louis_downtown_airport_to_st_louis_lambert,St. Louis Downtown Airport to St. Louis Lambert,w_0267,0.6,0.4,0.0,0.0,40.32796740734455,30.66667456154385,54,4,hier_jaccard_004,hier_jaccard_002
hierarchical_jaccard,jaccard,stl_st_louis_downtown_airport_to_st_louis_lambert_2026-01-12_0268,st_louis_downtown_airport_to_st_louis_lambert,St. Louis Downtown Airport to St. Louis Lambert,w_0268,0.7,0.0,0.0,0.3,35.06847425714207,37.036586640259856,40,6,hier_jaccard_006,hier_jaccard_006
hierarchical_jaccard,jaccard,stl_st_louis_downtown_airport_to_st_louis_lambert_2026-01-12_0269,st_louis_downtown_airport_to_st_louis_lambert,St. Louis Downtown Airport to St. Louis Lambert,w_0269,0.7,0.0,0.1,0.2,35.06925127294606,35.48117745150819,40,1,hier_jaccard_001,hier_jaccard_005
hierarchical_jaccard,jaccard,stl_st_louis_downtown_airport_to_st_louis_lambert_2026-01-12_0270,st_louis_downtown_airport_to_st_louis_lambert,St. Louis Downtown Airport to St. Louis Lambert,w_0270,0.7,0.0,0.2,0.1,35.06925127294606,33.9251696534576,40,1,hier_jaccard_001,hier_jaccard_005
hierarchical_jaccard,jaccard,stl_st_louis_downtown_airport_to_st_louis_lambert_2026-01-12_0271,st_louis_downtown_airport_to_st_louis_lambert,St. Louis Downtown Airport to St. Louis Lambert,w_0271,0.7,0.0,0.3,0.0,35.442761467224926,32.33987370348429,41,2,hier_jaccard_002,hier_jaccard_001
hierarchical_jaccard,jaccard,stl_st_louis_downtown_airport_to_st_louis_lambert_2026-01-12_0272,st_louis_downtown_airport_to_st_louis_lambert,St. Louis Downtown Airport to St. Louis Lambert,w_0272,0.7,0.1,0.0,0.2,35.06987633323177,36.09886640614325,40,1,hier_jaccard_001,hier_jaccard_005
hierarchical_jaccard,jaccard,stl_st_louis_downtown_airport_to_st_louis_lambert_2026-01-12_0273,st_louis_downtown_airport_to_st_louis_lambert,St. Louis Downtown Airport to St. Louis Lambert,w_0273,0.7,0.1,0.1,0.1,35.0695243590648,34.54649871407546,40,1,hier_jaccard_001,hier_jaccard_005
hierarchical_jaccard,jaccard,stl_st_louis_downtown_airport_to_st_louis_lambert_2026-01-12_0274,st_louis_downtown_airport_to_st_louis_lambert,St. Louis Downtown Airport to St. Louis Lambert,w_0274,0.7,0.1,0.2,0.0,35.0695243590648,32.95049091602488,40,1,hier_jaccard_001,hier_jaccard_005
hierarchical_jaccard,jaccard,stl_st_louis_downtown_airport_to_st_louis_lambert_2026-01-12_0275,st_louis_downtown_airport_to_st_louis_lambert,St. Louis Downtown Airport to St. Louis Lambert,w_0275,0.7,0.2,0.0,0.1,36.197024617572914,34.98843698234177,43,3,hier_jaccard_003,hier_jaccard_004
hierarchical_jaccard,jaccard,stl_st_louis_downtown_airport_to_st_louis_lambert_2026-01-12_0276,st_louis_downtown_airport_to_st_louis_lambert,St. Louis Downtown Airport to St. Louis Lambert,w_0276,0.7,0.2,0.1,0.0,35.0695243590648,33.531609592388975,40,1,hier_jaccard_001,hier_jaccard_005
hierarchical_jaccard,jaccard,stl_st_louis_downtown_airport_to_st_louis_lambert_2026-01-12_0277,st_louis_downtown_airport_to_st_louis_lambert,St. Louis Downtown Airport to St. Louis Lambert,w_0277,0.7,0.3,0.0,0.0,36.197024617572914,33.07964722442817,43,3,hier_jaccard_003,hier_jaccard_004
hierarchical_jaccard,jaccard,stl_st_louis_downtown_airport_to_st_louis_lambert_2026-01-12_0278,st_louis_downtown_airport_to_st_louis_lambert,St. Louis Downtown Airport to St. Louis Lambert,w_0278,0.8,0.0,0.0,0.2,35.06847425714207,37.55609901743984,40,6,hier_jaccard_006,hier_jaccard_006
hierarchical_jaccard,jaccard,stl_st_louis_downtown_airport_to_st_louis_lambert_2026-01-12_0279,st_louis_downtown_airport_to_st_louis_lambert,St. Louis Downtown Airport to St. Louis Lambert,w_0279,0.8,0.0,0.1,0.1,35.06925127294606,36.00077534430231,40,1,hier_jaccard_001,hier_jaccard_005
hierarchical_jaccard,jaccard,stl_st_louis_downtown_airport_to_st_louis_lambert_2026-01-12_0280,st_louis_downtown_airport_to_st_louis_lambert,St. Louis Downtown Airport to St. Louis Lambert,w_0280,0.8,0.0,0.2,0.0,35.06925127294606,34.44476754625172,40,1,hier_jaccard_001,hier_jaccard_005
hierarchical_jaccard,jaccard,stl_st_louis_downtown_airport_to_st_louis_lambert_2026-01-12_0281,st_louis_downtown_airport_to_st_louis_lambert,St. Louis Downtown Airport to St. Louis Lambert,w_0281,0.8,0.1,0.0,0.1,35.06987633323177,36.57853309086403,40,1,hier_jaccard_001,hier_jaccard_005
hierarchical_jaccard,jaccard,stl_st_louis_downtown_airport_to_st_louis_lambert_2026-01-12_0282,st_louis_downtown_airport_to_st_louis_lambert,St. Louis Downtown Airport to St. Louis Lambert,w_0282,0.8,0.1,0.1,0.0,35.0695243590648,35.02612666176297,40,1,hier_jaccard_001,hier_jaccard_005
hierarchical_jaccard,jaccard,stl_st_louis_downtown_airport_to_st_louis_lambert_2026-01-12_0283,st_louis_downtown_airport_to_st_louis_lambert,St. Louis Downtown Airport to St. Louis Lambert,w_0283,0.8,0.2,0.0,0.0,36.197024617572914,35.332153624937334,43,3,hier_jaccard_003,hier_jaccard_004
hierarchical_jaccard,jaccard,stl_st_louis_downtown_airport_to_st_louis_lambert_2026-01-12_0284,st_louis_downtown_airport_to_st_louis_lambert,St. Louis Downtown Airport to St. Louis Lambert,w_0284,0.9,0.0,0.0,0.1,35.06847425714207,38.07561139461982,40,6,hier_jaccard_006,hier_jaccard_006
hierarchical_jaccard,jaccard,stl_st_louis_downtown_airport_to_st_louis_lambert_2026-01-12_0285,st_louis_downtown_airport_to_st_louis_lambert,St. Louis Downtown Airport to St. Louis Lambert,w_0285,0.9,0.0,0.1,0.0,35.06925127294606,36.520373237096415,40,1,hier_jaccard_001,hier_jaccard_005
hierarchical_jaccard,jaccard,stl_st_louis_downtown_airport_to_st_louis_lambert_2026-01-12_0286,st_louis_downtown_airport_to_st_louis_lambert,St. Louis Downtown Airport to St. Louis Lambert,w_0286,0.9,0.1,0.0,0.0,35.06987633323177,37.05819977558479,40,1,hier_jaccard_001,hier_jaccard_005
hierarchical_jaccard,jaccard,stl_st_louis_downtown_airport_to_st_louis_lambert_2026-01-12_0287,st_louis_downtown_airport_to_st_louis_lambert,St. Louis Downtown Airport to St. Louis Lambert,w_0287,1.0,0.0,0.0,0.0,35.06847425714207,38.5951237717998,40,6,hier_jaccard_006,hier_jaccard_006
