clustering_method,distance_method,route_run_id,route_pair,route_pair_label,weight_id,distance_weight,population_weight,traffic_weight,airspace_weight,route_distance_km,total_weighted_score,path_nodes,direct_cluster_number,edit_distance_cluster,edit_distance_cluster_source
hierarchical_edit_distance,edit_distance,stl_midamerica_to_st_louis_lambert_2026-03-07_0067,midamerica_to_st_louis_lambert,MidAmerica to St. Louis Lambert,w_0067,0.1,0.0,0.0,0.9,71.90057520712594,49.49312327714821,96,3,edit_003,edit_010
hierarchical_edit_distance,edit_distance,stl_midamerica_to_st_louis_lambert_2026-03-07_0068,midamerica_to_st_louis_lambert,MidAmerica to St. Louis Lambert,w_0068,0.1,0.0,0.1,0.8,72.96646333899444,47.59236524949056,96,3,edit_003,edit_010
hierarchical_edit_distance,edit_distance,stl_midamerica_to_st_louis_lambert_2026-03-07_0077,midamerica_to_st_louis_lambert,MidAmerica to St. Louis Lambert,w_0077,0.1,0.1,0.0,0.8,74.42461752704692,47.89368615676638,97,19,edit_019,edit_023
hierarchical_edit_distance,edit_distance,stl_midamerica_to_st_louis_lambert_2026-03-07_0086,midamerica_to_st_louis_lambert,MidAmerica to St. Louis Lambert,w_0086,0.1,0.2,0.0,0.7,74.42461752704692,45.296461856285696,97,19,edit_019,edit_023
hierarchical_edit_distance,edit_distance,stl_midamerica_to_st_louis_lambert_2026-03-07_0094,midamerica_to_st_louis_lambert,MidAmerica to St. Louis Lambert,w_0094,0.1,0.3,0.0,0.6,74.42461752704692,42.69923755580501,97,19,edit_019,edit_023
hierarchical_edit_distance,edit_distance,stl_midamerica_to_st_louis_lambert_2026-03-07_0108,midamerica_to_st_louis_lambert,MidAmerica to St. Louis Lambert,w_0108,0.1,0.5,0.1,0.3,76.47556355254133,35.365887642118054,101,17,edit_017,edit_019
hierarchical_edit_distance,edit_distance,stl_midamerica_to_st_louis_lambert_2026-03-07_0113,midamerica_to_st_louis_lambert,MidAmerica to St. Louis Lambert,w_0113,0.1,0.6,0.1,0.2,77.00303023207412,31.550782351131225,101,17,edit_017,edit_019
hierarchical_edit_distance,edit_distance,stl_midamerica_to_st_louis_lambert_2026-03-07_0122,midamerica_to_st_louis_lambert,MidAmerica to St. Louis Lambert,w_0122,0.2,0.0,0.0,0.8,71.90057520712594,52.78624655429639,96,3,edit_003,edit_010
hierarchical_edit_distance,edit_distance,stl_midamerica_to_st_louis_lambert_2026-03-07_0123,midamerica_to_st_louis_lambert,MidAmerica to St. Louis Lambert,w_0123,0.2,0.0,0.1,0.7,72.43443181423584,50.98318088114547,96,3,edit_003,edit_010
hierarchical_edit_distance,edit_distance,stl_midamerica_to_st_louis_lambert_2026-03-07_0124,midamerica_to_st_louis_lambert,MidAmerica to St. Louis Lambert,w_0124,0.2,0.0,0.2,0.6,72.96685350563659,48.9526124442171,96,3,edit_003,edit_010
hierarchical_edit_distance,edit_distance,stl_midamerica_to_st_louis_lambert_2026-03-07_0131,midamerica_to_st_louis_lambert,MidAmerica to St. Louis Lambert,w_0131,0.2,0.1,0.0,0.7,73.35714512830332,51.307063359196015,97,12,edit_012,edit_020
hierarchical_edit_distance,edit_distance,stl_midamerica_to_st_louis_lambert_2026-03-07_0132,midamerica_to_st_louis_lambert,MidAmerica to St. Louis Lambert,w_0132,0.2,0.1,0.1,0.6,72.98312533939583,50.45095041275116,96,38,edit_038,edit_047
hierarchical_edit_distance,edit_distance,stl_midamerica_to_st_louis_lambert_2026-03-07_0133,midamerica_to_st_louis_lambert,MidAmerica to St. Louis Lambert,w_0133,0.2,0.1,0.2,0.5,74.05509736531329,48.2506517226484,96,39,edit_039,edit_048
hierarchical_edit_distance,edit_distance,stl_midamerica_to_st_louis_lambert_2026-03-07_0134,midamerica_to_st_louis_lambert,MidAmerica to St. Louis Lambert,w_0134,0.2,0.1,0.3,0.4,74.05509736531329,45.47416352008457,96,39,edit_039,edit_048
hierarchical_edit_distance,edit_distance,stl_midamerica_to_st_louis_lambert_2026-03-07_0139,midamerica_to_st_louis_lambert,MidAmerica to St. Louis Lambert,w_0139,0.2,0.2,0.0,0.6,74.42461752704692,48.78737231353273,97,19,edit_019,edit_023
hierarchical_edit_distance,edit_distance,stl_midamerica_to_st_louis_lambert_2026-03-07_0141,midamerica_to_st_louis_lambert,MidAmerica to St. Louis Lambert,w_0141,0.2,0.2,0.2,0.4,74.43659212648343,45.85431181528293,97,34,edit_034,edit_032
hierarchical_edit_distance,edit_distance,stl_midamerica_to_st_louis_lambert_2026-03-07_0142,midamerica_to_st_louis_lambert,MidAmerica to St. Louis Lambert,w_0142,0.2,0.2,0.3,0.3,75.50584501115348,43.352922611888616,97,34,edit_034,edit_032
hierarchical_edit_distance,edit_distance,stl_midamerica_to_st_louis_lambert_2026-03-07_0146,midamerica_to_st_louis_lambert,MidAmerica to St. Louis Lambert,w_0146,0.2,0.3,0.0,0.5,74.42492977850672,46.18031285298394,97,19,edit_019,edit_023
hierarchical_edit_distance,edit_distance,stl_midamerica_to_st_louis_lambert_2026-03-07_0147,midamerica_to_st_louis_lambert,MidAmerica to St. Louis Lambert,w_0147,0.2,0.3,0.1,0.4,72.84513025963479,45.13397799135537,97,1,edit_001,edit_001
hierarchical_edit_distance,edit_distance,stl_midamerica_to_st_louis_lambert_2026-03-07_0148,midamerica_to_st_louis_lambert,MidAmerica to St. Louis Lambert,w_0148,0.2,0.3,0.2,0.3,73.38002140683612,42.93309144427774,97,7,edit_007,edit_007
hierarchical_edit_distance,edit_distance,stl_midamerica_to_st_louis_lambert_2026-03-07_0149,midamerica_to_st_louis_lambert,MidAmerica to St. Louis Lambert,w_0149,0.2,0.3,0.3,0.2,75.88921305210881,40.428902716468585,98,7,edit_007,edit_007
hierarchical_edit_distance,edit_distance,stl_midamerica_to_st_louis_lambert_2026-03-07_0152,midamerica_to_st_louis_lambert,MidAmerica to St. Louis Lambert,w_0152,0.2,0.4,0.0,0.4,73.74264765764532,43.145037015189416,98,4,edit_004,edit_002
hierarchical_edit_distance,edit_distance,stl_midamerica_to_st_louis_lambert_2026-03-07_0153,midamerica_to_st_louis_lambert,MidAmerica to St. Louis Lambert,w_0153,0.2,0.4,0.1,0.3,72.84513025963479,41.87515073999527,97,1,edit_001,edit_001
hierarchical_edit_distance,edit_distance,stl_midamerica_to_st_louis_lambert_2026-03-07_0154,midamerica_to_st_louis_lambert,MidAmerica to St. Louis Lambert,w_0154,0.2,0.4,0.2,0.2,73.91338157015424,39.71416306942043,97,1,edit_001,edit_001
hierarchical_edit_distance,edit_distance,stl_midamerica_to_st_louis_lambert_2026-03-07_0157,midamerica_to_st_louis_lambert,MidAmerica to St. Louis Lambert,w_0157,0.2,0.5,0.0,0.3,74.86744372005592,39.65898568705563,101,4,edit_004,edit_002
hierarchical_edit_distance,edit_distance,stl_midamerica_to_st_louis_lambert_2026-03-07_0158,midamerica_to_st_louis_lambert,MidAmerica to St. Louis Lambert,w_0158,0.2,0.5,0.1,0.2,76.47556355254133,38.54251797278421,101,17,edit_017,edit_019
hierarchical_edit_distance,edit_distance,stl_midamerica_to_st_louis_lambert_2026-03-07_0159,midamerica_to_st_louis_lambert,MidAmerica to St. Louis Lambert,w_0159,0.2,0.5,0.2,0.1,75.03832096883752,36.2624157723798,100,1,edit_001,edit_001
hierarchical_edit_distance,edit_distance,stl_midamerica_to_st_louis_lambert_2026-03-07_0161,midamerica_to_st_louis_lambert,MidAmerica to St. Louis Lambert,w_0161,0.2,0.6,0.0,0.2,75.4023021768558,35.898320074999006,101,4,edit_004,edit_002
hierarchical_edit_distance,edit_distance,stl_midamerica_to_st_louis_lambert_2026-03-07_0162,midamerica_to_st_louis_lambert,MidAmerica to St. Louis Lambert,w_0162,0.2,0.6,0.1,0.1,77.00303023207412,34.68546380096725,101,17,edit_017,edit_019
hierarchical_edit_distance,edit_distance,stl_midamerica_to_st_louis_lambert_2026-03-07_0163,midamerica_to_st_louis_lambert,MidAmerica to St. Louis Lambert,w_0163,0.2,0.6,0.2,0.0,75.56625286888898,32.61586543711418,100,1,edit_001,edit_001
hierarchical_edit_distance,edit_distance,stl_midamerica_to_st_louis_lambert_2026-03-07_0164,midamerica_to_st_louis_lambert,MidAmerica to St. Louis Lambert,w_0164,0.2,0.7,0.0,0.1,75.4023021768558,32.128536428975,101,4,edit_004,edit_002
hierarchical_edit_distance,edit_distance,stl_midamerica_to_st_louis_lambert_2026-03-07_0165,midamerica_to_st_louis_lambert,MidAmerica to St. Louis Lambert,w_0165,0.2,0.7,0.1,0.0,77.0038080210198,30.77533129836584,101,17,edit_017,edit_019
hierarchical_edit_distance,edit_distance,stl_midamerica_to_st_louis_lambert_2026-03-07_0166,midamerica_to_st_louis_lambert,MidAmerica to St. Louis Lambert,w_0166,0.2,0.8,0.0,0.0,75.92959962423426,28.233988460680187,101,4,edit_004,edit_002
hierarchical_edit_distance,edit_distance,stl_midamerica_to_st_louis_lambert_2026-03-07_0167,midamerica_to_st_louis_lambert,MidAmerica to St. Louis Lambert,w_0167,0.25,0.25,0.25,0.25,72.84575452782641,44.78512726646525,97,7,edit_007,edit_007
hierarchical_edit_distance,edit_distance,stl_midamerica_to_st_louis_lambert_2026-03-07_0168,midamerica_to_st_louis_lambert,MidAmerica to St. Louis Lambert,w_0168,0.3,0.0,0.0,0.7,71.90057520712594,56.07936983144455,96,3,edit_003,edit_010
hierarchical_edit_distance,edit_distance,stl_midamerica_to_st_louis_lambert_2026-03-07_0169,midamerica_to_st_louis_lambert,MidAmerica to St. Louis Lambert,w_0169,0.3,0.0,0.1,0.6,71.90174228364198,54.2837451606187,96,3,edit_003,edit_010
hierarchical_edit_distance,edit_distance,stl_midamerica_to_st_louis_lambert_2026-03-07_0170,midamerica_to_st_louis_lambert,MidAmerica to St. Louis Lambert,w_0170,0.3,0.0,0.2,0.5,72.96685350563659,52.32308654365781,96,3,edit_003,edit_010
hierarchical_edit_distance,edit_distance,stl_midamerica_to_st_louis_lambert_2026-03-07_0171,midamerica_to_st_louis_lambert,MidAmerica to St. Louis Lambert,w_0171,0.3,0.0,0.3,0.4,72.96685350563659,50.12891866632563,96,3,edit_003,edit_010
hierarchical_edit_distance,edit_distance,stl_midamerica_to_st_louis_lambert_2026-03-07_0172,midamerica_to_st_louis_lambert,MidAmerica to St. Louis Lambert,w_0172,0.3,0.0,0.4,0.3,72.99164236008316,47.141061259467165,96,5,edit_005,edit_008
hierarchical_edit_distance,edit_distance,stl_midamerica_to_st_louis_lambert_2026-03-07_0173,midamerica_to_st_louis_lambert,MidAmerica to St. Louis Lambert,w_0173,0.3,0.0,0.5,0.2,73.52658065096699,44.08917288569057,96,5,edit_005,edit_008
hierarchical_edit_distance,edit_distance,stl_midamerica_to_st_louis_lambert_2026-03-07_0176,midamerica_to_st_louis_lambert,MidAmerica to St. Louis Lambert,w_0176,0.3,0.1,0.0,0.6,72.44740305679663,54.63076394129871,96,52,edit_052,edit_050
hierarchical_edit_distance,edit_distance,stl_midamerica_to_st_louis_lambert_2026-03-07_0177,midamerica_to_st_louis_lambert,MidAmerica to St. Louis Lambert,w_0177,0.3,0.1,0.1,0.5,72.98312533939583,53.723215332725786,96,38,edit_038,edit_047
hierarchical_edit_distance,edit_distance,stl_midamerica_to_st_louis_lambert_2026-03-07_0178,midamerica_to_st_louis_lambert,MidAmerica to St. Louis Lambert,w_0178,0.3,0.1,0.2,0.4,72.46066447379637,51.415588744817725,96,5,edit_005,edit_008
hierarchical_edit_distance,edit_distance,stl_midamerica_to_st_louis_lambert_2026-03-07_0179,midamerica_to_st_louis_lambert,MidAmerica to St. Louis Lambert,w_0179,0.3,0.1,0.3,0.3,72.46050798999384,48.56314659127161,96,5,edit_005,edit_008
hierarchical_edit_distance,edit_distance,stl_midamerica_to_st_louis_lambert_2026-03-07_0180,midamerica_to_st_louis_lambert,MidAmerica to St. Louis Lambert,w_0180,0.3,0.1,0.4,0.2,72.9930785865307,45.63790868643238,96,5,edit_005,edit_008
hierarchical_edit_distance,edit_distance,stl_midamerica_to_st_louis_lambert_2026-03-07_0181,midamerica_to_st_louis_lambert,MidAmerica to St. Louis Lambert,w_0181,0.3,0.1,0.5,0.1,74.05396426894492,42.11126026963224,96,2,edit_002,edit_003
hierarchical_edit_distance,edit_distance,stl_midamerica_to_st_louis_lambert_2026-03-07_0182,midamerica_to_st_louis_lambert,MidAmerica to St. Louis Lambert,w_0182,0.3,0.1,0.6,0.0,74.0542377354332,38.39277431771136,96,2,edit_002,edit_003
hierarchical_edit_distance,edit_distance,stl_midamerica_to_st_louis_lambert_2026-03-07_0183,midamerica_to_st_louis_lambert,MidAmerica to St. Louis Lambert,w_0183,0.3,0.2,0.0,0.5,72.29260468015718,52.14938056079359,97,12,edit_012,edit_020
hierarchical_edit_distance,edit_distance,stl_midamerica_to_st_louis_lambert_2026-03-07_0184,midamerica_to_st_louis_lambert,MidAmerica to St. Louis Lambert,w_0184,0.3,0.2,0.1,0.4,72.30572602023048,51.19033629086368,97,53,edit_053,edit_051
hierarchical_edit_distance,edit_distance,stl_midamerica_to_st_louis_lambert_2026-03-07_0185,midamerica_to_st_louis_lambert,MidAmerica to St. Louis Lambert,w_0185,0.3,0.2,0.2,0.3,72.84575452782641,48.96524818696693,97,7,edit_007,edit_007
hierarchical_edit_distance,edit_distance,stl_midamerica_to_st_louis_lambert_2026-03-07_0186,midamerica_to_st_louis_lambert,MidAmerica to St. Louis Lambert,w_0186,0.3,0.2,0.3,0.2,72.99592369095721,46.5600101581502,96,54,edit_054,edit_052
hierarchical_edit_distance,edit_distance,stl_midamerica_to_st_louis_lambert_2026-03-07_0189,midamerica_to_st_louis_lambert,MidAmerica to St. Louis Lambert,w_0189,0.3,0.3,0.0,0.4,73.36151770044673,49.45678128714722,97,19,edit_019,edit_023
hierarchical_edit_distance,edit_distance,stl_midamerica_to_st_louis_lambert_2026-03-07_0190,midamerica_to_st_louis_lambert,MidAmerica to St. Louis Lambert,w_0190,0.3,0.3,0.1,0.3,72.31093350620502,47.99305204191012,97,1,edit_001,edit_001
hierarchical_edit_distance,edit_distance,stl_midamerica_to_st_louis_lambert_2026-03-07_0191,midamerica_to_st_louis_lambert,MidAmerica to St. Louis Lambert,w_0191,0.3,0.3,0.2,0.2,72.84575452782641,45.86194584602343,97,7,edit_007,edit_007
hierarchical_edit_distance,edit_distance,stl_midamerica_to_st_louis_lambert_2026-03-07_0192,midamerica_to_st_louis_lambert,MidAmerica to St. Louis Lambert,w_0192,0.3,0.3,0.3,0.1,73.2206585591066,43.387003742721255,98,7,edit_007,edit_007
hierarchical_edit_distance,edit_distance,stl_midamerica_to_st_louis_lambert_2026-03-07_0194,midamerica_to_st_louis_lambert,MidAmerica to St. Louis Lambert,w_0194,0.3,0.4,0.0,0.3,73.20858031824217,46.16443143884134,98,4,edit_004,edit_002
hierarchical_edit_distance,edit_distance,stl_midamerica_to_st_louis_lambert_2026-03-07_0195,midamerica_to_st_louis_lambert,MidAmerica to St. Louis Lambert,w_0195,0.3,0.4,0.1,0.2,72.31093350620502,44.73422479055003,97,1,edit_001,edit_001
hierarchical_edit_distance,edit_distance,stl_midamerica_to_st_louis_lambert_2026-03-07_0196,midamerica_to_st_louis_lambert,MidAmerica to St. Louis Lambert,w_0196,0.3,0.4,0.2,0.1,73.22015168156257,42.6452350532501,98,1,edit_001,edit_001
hierarchical_edit_distance,edit_distance,stl_midamerica_to_st_louis_lambert_2026-03-07_0197,midamerica_to_st_louis_lambert,MidAmerica to St. Louis Lambert,w_0197,0.3,0.4,0.3,0.0,73.75570322706197,40.08345316950989,98,7,edit_007,edit_007
hierarchical_edit_distance,edit_distance,stl_midamerica_to_st_louis_lambert_2026-03-07_0198,midamerica_to_st_louis_lambert,MidAmerica to St. Louis Lambert,w_0198,0.3,0.5,0.0,0.2,74.86810400551238,42.6590211481419,101,4,edit_004,edit_002
hierarchical_edit_distance,edit_distance,stl_midamerica_to_st_louis_lambert_2026-03-07_0199,midamerica_to_st_louis_lambert,MidAmerica to St. Louis Lambert,w_0199,0.3,0.5,0.1,0.1,73.43587290488829,41.40713468681609,100,1,edit_001,edit_001
hierarchical_edit_distance,edit_distance,stl_midamerica_to_st_louis_lambert_2026-03-07_0200,midamerica_to_st_louis_lambert,MidAmerica to St. Louis Lambert,w_0200,0.3,0.5,0.2,0.0,73.97084744726371,39.12543177890162,100,1,edit_001,edit_001
hierarchical_edit_distance,edit_distance,stl_midamerica_to_st_louis_lambert_2026-03-07_0201,midamerica_to_st_louis_lambert,MidAmerica to St. Louis Lambert,w_0201,0.3,0.6,0.0,0.1,74.86810400551238,38.91099397045279,101,4,edit_004,edit_002
hierarchical_edit_distance,edit_distance,stl_midamerica_to_st_louis_lambert_2026-03-07_0202,midamerica_to_st_louis_lambert,MidAmerica to St. Louis Lambert,w_0202,0.3,0.6,0.1,0.0,76.47665390991396,37.75760602233455,101,17,edit_017,edit_019
hierarchical_edit_distance,edit_distance,stl_midamerica_to_st_louis_lambert_2026-03-07_0203,midamerica_to_st_louis_lambert,MidAmerica to St. Louis Lambert,w_0203,0.3,0.7,0.0,0.0,74.86814321158518,35.10525597310332,101,4,edit_004,edit_002
hierarchical_edit_distance,edit_distance,stl_midamerica_to_st_louis_lambert_2026-03-07_0204,midamerica_to_st_louis_lambert,MidAmerica to St. Louis Lambert,w_0204,0.4,0.0,0.0,0.6,71.90057520712594,59.372493108592735,96,3,edit_003,edit_010
hierarchical_edit_distance,edit_distance,stl_midamerica_to_st_louis_lambert_2026-03-07_0205,midamerica_to_st_louis_lambert,MidAmerica to St. Louis Lambert,w_0205,0.4,0.0,0.1,0.5,71.90174228364198,57.57699688208486,96,3,edit_003,edit_010
hierarchical_edit_distance,edit_distance,stl_midamerica_to_st_louis_lambert_2026-03-07_0206,midamerica_to_st_louis_lambert,MidAmerica to St. Louis Lambert,w_0206,0.4,0.0,0.2,0.4,72.43482198087798,55.65432958825123,96,3,edit_003,edit_010
hierarchical_edit_distance,edit_distance,stl_midamerica_to_st_louis_lambert_2026-03-07_0207,midamerica_to_st_louis_lambert,MidAmerica to St. Louis Lambert,w_0207,0.4,0.0,0.3,0.3,72.99164236008316,53.16389992266575,96,5,edit_005,edit_008
hierarchical_edit_distance,edit_distance,stl_midamerica_to_st_louis_lambert_2026-03-07_0208,midamerica_to_st_louis_lambert,MidAmerica to St. Louis Lambert,w_0208,0.4,0.0,0.4,0.2,72.99269286609689,50.15762381741465,96,5,edit_005,edit_008
hierarchical_edit_distance,edit_distance,stl_midamerica_to_st_louis_lambert_2026-03-07_0209,midamerica_to_st_louis_lambert,MidAmerica to St. Louis Lambert,w_0209,0.4,0.0,0.5,0.1,72.9871724229419,46.79559131703488,96,2,edit_002,edit_003
hierarchical_edit_distance,edit_distance,stl_midamerica_to_st_louis_lambert_2026-03-07_0211,midamerica_to_st_louis_lambert,MidAmerica to St. Louis Lambert,w_0211,0.4,0.1,0.0,0.5,72.29260468015718,57.86536192009764,97,12,edit_012,edit_020
hierarchical_edit_distance,edit_distance,stl_midamerica_to_st_louis_lambert_2026-03-07_0212,midamerica_to_st_louis_lambert,MidAmerica to St. Louis Lambert,w_0212,0.4,0.1,0.1,0.4,71.92936530921538,56.90090564056157,96,31,edit_031,edit_054
hierarchical_edit_distance,edit_distance,stl_midamerica_to_st_louis_lambert_2026-03-07_0213,midamerica_to_st_louis_lambert,MidAmerica to St. Louis Lambert,w_0213,0.4,0.1,0.2,0.3,72.46066447379637,54.39035346781807,96,5,edit_005,edit_008
hierarchical_edit_distance,edit_distance,stl_midamerica_to_st_louis_lambert_2026-03-07_0214,midamerica_to_st_louis_lambert,MidAmerica to St. Louis Lambert,w_0214,0.4,0.1,0.3,0.2,72.46050798999384,51.53789409221753,96,5,edit_005,edit_008
hierarchical_edit_distance,edit_distance,stl_midamerica_to_st_louis_lambert_2026-03-07_0215,midamerica_to_st_louis_lambert,MidAmerica to St. Louis Lambert,w_0215,0.4,0.1,0.4,0.1,72.455958856581,48.28483847898062,96,2,edit_002,edit_003
hierarchical_edit_distance,edit_distance,stl_midamerica_to_st_louis_lambert_2026-03-07_0216,midamerica_to_st_louis_lambert,MidAmerica to St. Louis Lambert,w_0216,0.4,0.1,0.5,0.0,72.98775241359242,44.66160808034882,96,2,edit_002,edit_003
hierarchical_edit_distance,edit_distance,stl_midamerica_to_st_louis_lambert_2026-03-07_0217,midamerica_to_st_louis_lambert,MidAmerica to St. Louis Lambert,w_0217,0.4,0.2,0.0,0.4,72.29260468015718,55.34564921667392,97,12,edit_012,edit_020
hierarchical_edit_distance,edit_distance,stl_midamerica_to_st_louis_lambert_2026-03-07_0218,midamerica_to_st_louis_lambert,MidAmerica to St. Louis Lambert,w_0218,0.4,0.2,0.1,0.3,72.31105089685262,54.0826759112116,97,1,edit_001,edit_001
hierarchical_edit_distance,edit_distance,stl_midamerica_to_st_louis_lambert_2026-03-07_0219,midamerica_to_st_louis_lambert,MidAmerica to St. Louis Lambert,w_0219,0.4,0.2,0.2,0.2,72.84575452782641,51.86239456076167,97,7,edit_007,edit_007
hierarchical_edit_distance,edit_distance,stl_midamerica_to_st_louis_lambert_2026-03-07_0220,midamerica_to_st_louis_lambert,MidAmerica to St. Louis Lambert,w_0220,0.4,0.2,0.3,0.1,72.45541097024083,49.23287377371408,96,2,edit_002,edit_003
hierarchical_edit_distance,edit_distance,stl_midamerica_to_st_louis_lambert_2026-03-07_0221,midamerica_to_st_louis_lambert,MidAmerica to St. Louis Lambert,w_0221,0.4,0.2,0.4,0.0,72.45611534038353,45.82129272069231,96,2,edit_002,edit_003
hierarchical_edit_distance,edit_distance,stl_midamerica_to_st_louis_lambert_2026-03-07_0222,midamerica_to_st_louis_lambert,MidAmerica to St. Louis Lambert,w_0222,0.4,0.3,0.0,0.3,73.20858031824217,52.503209551325845,98,4,edit_004,edit_002
hierarchical_edit_distance,edit_distance,stl_midamerica_to_st_louis_lambert_2026-03-07_0223,midamerica_to_st_louis_lambert,MidAmerica to St. Louis Lambert,w_0223,0.4,0.3,0.1,0.2,72.31093350620502,50.83133790362816,97,1,edit_001,edit_001
hierarchical_edit_distance,edit_distance,stl_midamerica_to_st_louis_lambert_2026-03-07_0224,midamerica_to_st_louis_lambert,MidAmerica to St. Louis Lambert,w_0224,0.4,0.3,0.2,0.1,72.84575452782641,48.75909221981816,97,7,edit_007,edit_007
hierarchical_edit_distance,edit_distance,stl_midamerica_to_st_louis_lambert_2026-03-07_0225,midamerica_to_st_louis_lambert,MidAmerica to St. Louis Lambert,w_0225,0.4,0.3,0.3,0.0,73.22143634805226,46.16608209998096,98,7,edit_007,edit_007
hierarchical_edit_distance,edit_distance,stl_midamerica_to_st_louis_lambert_2026-03-07_0226,midamerica_to_st_louis_lambert,MidAmerica to St. Louis Lambert,w_0226,0.4,0.4,0.0,0.2,73.20963090489165,49.12283602550907,98,4,edit_004,edit_002
hierarchical_edit_distance,edit_distance,stl_midamerica_to_st_louis_lambert_2026-03-07_0227,midamerica_to_st_louis_lambert,MidAmerica to St. Louis Lambert,w_0227,0.4,0.4,0.1,0.1,72.31093350620502,47.57251065226806,97,1,edit_001,edit_001
hierarchical_edit_distance,edit_distance,stl_midamerica_to_st_louis_lambert_2026-03-07_0228,midamerica_to_st_louis_lambert,MidAmerica to St. Louis Lambert,w_0228,0.4,0.4,0.2,0.0,73.22092947050822,45.44414796951382,98,1,edit_001,edit_001
hierarchical_edit_distance,edit_distance,stl_midamerica_to_st_louis_lambert_2026-03-07_0229,midamerica_to_st_louis_lambert,MidAmerica to St. Louis Lambert,w_0229,0.4,0.5,0.0,0.1,74.33442696730225,45.62955092041851,101,4,edit_004,edit_002
hierarchical_edit_distance,edit_distance,stl_midamerica_to_st_louis_lambert_2026-03-07_0230,midamerica_to_st_louis_lambert,MidAmerica to St. Louis Lambert,w_0230,0.4,0.5,0.1,0.0,73.43665069383394,44.149679462915394,100,1,edit_001,edit_001
hierarchical_edit_distance,edit_distance,stl_midamerica_to_st_louis_lambert_2026-03-07_0231,midamerica_to_st_louis_lambert,MidAmerica to St. Louis Lambert,w_0231,0.4,0.6,0.0,0.0,74.86814321158518,41.86125272991381,101,4,edit_004,edit_002
hierarchical_edit_distance,edit_distance,stl_midamerica_to_st_louis_lambert_2026-03-07_0232,midamerica_to_st_louis_lambert,MidAmerica to St. Louis Lambert,w_0232,0.5,0.0,0.0,0.5,71.90057520712594,62.66561638574091,96,3,edit_003,edit_010
hierarchical_edit_distance,edit_distance,stl_midamerica_to_st_louis_lambert_2026-03-07_0233,midamerica_to_st_louis_lambert,MidAmerica to St. Louis Lambert,w_0233,0.5,0.0,0.1,0.4,71.90174228364198,60.87024860355103,96,3,edit_003,edit_010
hierarchical_edit_distance,edit_distance,stl_midamerica_to_st_louis_lambert_2026-03-07_0234,midamerica_to_st_louis_lambert,MidAmerica to St. Louis Lambert,w_0234,0.5,0.0,0.2,0.3,71.90213245028413,58.92224936609367,96,3,edit_003,edit_010
hierarchical_edit_distance,edit_distance,stl_midamerica_to_st_louis_lambert_2026-03-07_0235,midamerica_to_st_louis_lambert,MidAmerica to St. Louis Lambert,w_0235,0.5,0.0,0.3,0.2,72.99164236008316,56.19710219584597,96,5,edit_005,edit_008
hierarchical_edit_distance,edit_distance,stl_midamerica_to_st_louis_lambert_2026-03-07_0236,midamerica_to_st_louis_lambert,MidAmerica to St. Louis Lambert,w_0236,0.5,0.0,0.4,0.1,72.9871724229419,52.99535164347184,96,2,edit_002,edit_003
hierarchical_edit_distance,edit_distance,stl_midamerica_to_st_louis_lambert_2026-03-07_0237,midamerica_to_st_louis_lambert,MidAmerica to St. Louis Lambert,w_0237,0.5,0.0,0.5,0.0,72.9871724229419,49.32830164472595,96,2,edit_002,edit_003
hierarchical_edit_distance,edit_distance,stl_midamerica_to_st_louis_lambert_2026-03-07_0238,midamerica_to_st_louis_lambert,MidAmerica to St. Louis Lambert,w_0238,0.5,0.1,0.0,0.4,71.91755552376524,61.0509886455191,96,12,edit_012,edit_020
hierarchical_edit_distance,edit_distance,stl_midamerica_to_st_louis_lambert_2026-03-07_0239,midamerica_to_st_louis_lambert,MidAmerica to St. Louis Lambert,w_0239,0.5,0.1,0.1,0.3,71.92936530921538,59.8171974546281,96,31,edit_031,edit_054
hierarchical_edit_distance,edit_distance,stl_midamerica_to_st_louis_lambert_2026-03-07_0240,midamerica_to_st_louis_lambert,MidAmerica to St. Louis Lambert,w_0240,0.5,0.1,0.2,0.2,72.46066447379637,57.36511819081843,96,5,edit_005,edit_008
hierarchical_edit_distance,edit_distance,stl_midamerica_to_st_louis_lambert_2026-03-07_0241,midamerica_to_st_louis_lambert,MidAmerica to St. Louis Lambert,w_0241,0.5,0.1,0.3,0.1,72.455958856581,54.276937071628566,96,2,edit_002,edit_003
hierarchical_edit_distance,edit_distance,stl_midamerica_to_st_louis_lambert_2026-03-07_0242,midamerica_to_st_louis_lambert,MidAmerica to St. Louis Lambert,w_0242,0.5,0.1,0.4,0.0,72.45623232306927,50.786291935304256,96,2,edit_002,edit_003
hierarchical_edit_distance,edit_distance,stl_midamerica_to_st_louis_lambert_2026-03-07_0243,midamerica_to_st_louis_lambert,MidAmerica to St. Louis Lambert,w_0243,0.5,0.2,0.0,0.3,72.29291693161697,58.52215377191452,97,12,edit_012,edit_020
hierarchical_edit_distance,edit_distance,stl_midamerica_to_st_louis_lambert_2026-03-07_0244,midamerica_to_st_louis_lambert,MidAmerica to St. Louis Lambert,w_0244,0.5,0.2,0.1,0.2,72.31105089685262,56.92097469252956,97,1,edit_001,edit_001
hierarchical_edit_distance,edit_distance,stl_midamerica_to_st_louis_lambert_2026-03-07_0245,midamerica_to_st_louis_lambert,MidAmerica to St. Louis Lambert,w_0245,0.5,0.2,0.2,0.1,72.31155777439666,54.74232550490471,97,7,edit_007,edit_007
hierarchical_edit_distance,edit_distance,stl_midamerica_to_st_louis_lambert_2026-03-07_0246,midamerica_to_st_louis_lambert,MidAmerica to St. Louis Lambert,w_0246,0.5,0.2,0.3,0.0,72.45541097024083,51.74706031467413,96,2,edit_002,edit_003
hierarchical_edit_distance,edit_distance,stl_midamerica_to_st_louis_lambert_2026-03-07_0247,midamerica_to_st_louis_lambert,MidAmerica to St. Louis Lambert,w_0247,0.5,0.3,0.0,0.2,72.30341780160983,55.45438556116171,97,25,edit_025,edit_033
hierarchical_edit_distance,edit_distance,stl_midamerica_to_st_louis_lambert_2026-03-07_0248,midamerica_to_st_louis_lambert,MidAmerica to St. Louis Lambert,w_0248,0.5,0.3,0.1,0.1,72.31093350620502,53.66962376534619,97,1,edit_001,edit_001
hierarchical_edit_distance,edit_distance,stl_midamerica_to_st_louis_lambert_2026-03-07_0249,midamerica_to_st_louis_lambert,MidAmerica to St. Louis Lambert,w_0249,0.5,0.3,0.2,0.0,72.6872395946225,51.56697834749163,98,7,edit_007,edit_007
hierarchical_edit_distance,edit_distance,stl_midamerica_to_st_louis_lambert_2026-03-07_0250,midamerica_to_st_louis_lambert,MidAmerica to St. Louis Lambert,w_0250,0.5,0.4,0.0,0.1,73.20963090489165,52.04002934776096,98,4,edit_004,edit_002
hierarchical_edit_distance,edit_distance,stl_midamerica_to_st_louis_lambert_2026-03-07_0251,midamerica_to_st_louis_lambert,MidAmerica to St. Louis Lambert,w_0251,0.5,0.4,0.1,0.0,72.31171129515069,50.39133417334729,97,1,edit_001,edit_001
hierarchical_edit_distance,edit_distance,stl_midamerica_to_st_louis_lambert_2026-03-07_0252,midamerica_to_st_louis_lambert,MidAmerica to St. Louis Lambert,w_0252,0.5,0.5,0.0,0.0,74.33446617337505,48.52932563750086,101,4,edit_004,edit_002
hierarchical_edit_distance,edit_distance,stl_midamerica_to_st_louis_lambert_2026-03-07_0253,midamerica_to_st_louis_lambert,MidAmerica to St. Louis Lambert,w_0253,0.6,0.0,0.0,0.4,71.90057520712594,65.95873966288909,96,3,edit_003,edit_010
hierarchical_edit_distance,edit_distance,stl_midamerica_to_st_louis_lambert_2026-03-07_0254,midamerica_to_st_louis_lambert,MidAmerica to St. Louis Lambert,w_0254,0.6,0.0,0.1,0.3,71.90213245028413,64.14765599944593,96,3,edit_003,edit_010
hierarchical_edit_distance,edit_distance,stl_midamerica_to_st_louis_lambert_2026-03-07_0255,midamerica_to_st_louis_lambert,MidAmerica to St. Louis Lambert,w_0255,0.6,0.0,0.2,0.2,71.92408572558828,62.00095174852392,96,5,edit_005,edit_008
hierarchical_edit_distance,edit_distance,stl_midamerica_to_st_louis_lambert_2026-03-07_0256,midamerica_to_st_louis_lambert,MidAmerica to St. Louis Lambert,w_0256,0.6,0.0,0.3,0.1,72.4589109758665,59.16985482382809,96,5,edit_005,edit_008
hierarchical_edit_distance,edit_distance,stl_midamerica_to_st_louis_lambert_2026-03-07_0257,midamerica_to_st_louis_lambert,MidAmerica to St. Louis Lambert,w_0257,0.6,0.0,0.4,0.0,72.9871724229419,55.5280619711629,96,2,edit_002,edit_003
hierarchical_edit_distance,edit_distance,stl_midamerica_to_st_louis_lambert_2026-03-07_0258,midamerica_to_st_louis_lambert,MidAmerica to St. Louis Lambert,w_0258,0.6,0.1,0.0,0.3,71.91755552376524,64.20598071632385,96,12,edit_012,edit_020
hierarchical_edit_distance,edit_distance,stl_midamerica_to_st_louis_lambert_2026-03-07_0259,midamerica_to_st_louis_lambert,MidAmerica to St. Louis Lambert,w_0259,0.6,0.1,0.1,0.2,71.92936530921538,62.73348926869464,96,31,edit_031,edit_054
hierarchical_edit_distance,edit_distance,stl_midamerica_to_st_louis_lambert_2026-03-07_0260,midamerica_to_st_louis_lambert,MidAmerica to St. Louis Lambert,w_0260,0.6,0.1,0.2,0.1,71.92050920229025,60.25265005270053,96,2,edit_002,edit_003
hierarchical_edit_distance,edit_distance,stl_midamerica_to_st_louis_lambert_2026-03-07_0261,midamerica_to_st_louis_lambert,MidAmerica to St. Louis Lambert,w_0261,0.6,0.1,0.3,0.0,72.455958856581,56.79118391102348,96,2,edit_002,edit_003
hierarchical_edit_distance,edit_distance,stl_midamerica_to_st_louis_lambert_2026-03-07_0262,midamerica_to_st_louis_lambert,MidAmerica to St. Louis Lambert,w_0262,0.6,0.2,0.0,0.2,72.30002205185355,61.54267640356343,97,35,edit_035,edit_034
hierarchical_edit_distance,edit_distance,stl_midamerica_to_st_louis_lambert_2026-03-07_0263,midamerica_to_st_louis_lambert,MidAmerica to St. Louis Lambert,w_0263,0.6,0.2,0.1,0.1,72.31105089685262,59.75927347384752,97,1,edit_001,edit_001
hierarchical_edit_distance,edit_distance,stl_midamerica_to_st_louis_lambert_2026-03-07_0264,midamerica_to_st_louis_lambert,MidAmerica to St. Louis Lambert,w_0264,0.6,0.2,0.2,0.0,71.92318560696049,57.37944270095967,96,2,edit_002,edit_003
hierarchical_edit_distance,edit_distance,stl_midamerica_to_st_louis_lambert_2026-03-07_0265,midamerica_to_st_louis_lambert,MidAmerica to St. Louis Lambert,w_0265,0.6,0.3,0.0,0.1,72.30407808706627,58.30438295000542,97,25,edit_025,edit_033
hierarchical_edit_distance,edit_distance,stl_midamerica_to_st_louis_lambert_2026-03-07_0266,midamerica_to_st_louis_lambert,MidAmerica to St. Louis Lambert,w_0266,0.6,0.3,0.1,0.0,72.31171129515069,56.48853288712879,97,1,edit_001,edit_001
hierarchical_edit_distance,edit_distance,stl_midamerica_to_st_louis_lambert_2026-03-07_0267,midamerica_to_st_louis_lambert,MidAmerica to St. Louis Lambert,w_0267,0.6,0.4,0.0,0.0,72.67568351997362,54.9513864063023,98,4,edit_004,edit_002
hierarchical_edit_distance,edit_distance,stl_midamerica_to_st_louis_lambert_2026-03-07_0268,midamerica_to_st_louis_lambert,MidAmerica to St. Louis Lambert,w_0268,0.7,0.0,0.0,0.3,71.90057520712594,69.25186294003726,96,3,edit_003,edit_010
hierarchical_edit_distance,edit_distance,stl_midamerica_to_st_louis_lambert_2026-03-07_0269,midamerica_to_st_louis_lambert,MidAmerica to St. Louis Lambert,w_0269,0.7,0.0,0.1,0.2,71.90213245028413,67.40095066127424,96,3,edit_003,edit_010
hierarchical_edit_distance,edit_distance,stl_midamerica_to_st_louis_lambert_2026-03-07_0270,midamerica_to_st_louis_lambert,MidAmerica to St. Louis Lambert,w_0270,0.7,0.0,0.2,0.1,71.92513623160201,64.90892072755501,96,5,edit_005,edit_008
hierarchical_edit_distance,edit_distance,stl_midamerica_to_st_louis_lambert_2026-03-07_0271,midamerica_to_st_louis_lambert,MidAmerica to St. Louis Lambert,w_0271,0.7,0.0,0.3,0.0,71.91961578844702,61.6343216546879,96,2,edit_002,edit_003
hierarchical_edit_distance,edit_distance,stl_midamerica_to_st_louis_lambert_2026-03-07_0272,midamerica_to_st_louis_lambert,MidAmerica to St. Louis Lambert,w_0272,0.7,0.1,0.0,0.2,71.91755552376524,67.3609727871286,96,12,edit_012,edit_020
hierarchical_edit_distance,edit_distance,stl_midamerica_to_st_louis_lambert_2026-03-07_0273,midamerica_to_st_louis_lambert,MidAmerica to St. Louis Lambert,w_0273,0.7,0.1,0.1,0.1,71.93550268936067,65.63126051016663,96,7,edit_007,edit_007
hierarchical_edit_distance,edit_distance,stl_midamerica_to_st_louis_lambert_2026-03-07_0274,midamerica_to_st_louis_lambert,MidAmerica to St. Louis Lambert,w_0274,0.7,0.1,0.2,0.0,71.92050920229025,62.70796719492818,96,2,edit_002,edit_003
hierarchical_edit_distance,edit_distance,stl_midamerica_to_st_louis_lambert_2026-03-07_0275,midamerica_to_st_louis_lambert,MidAmerica to St. Louis Lambert,w_0275,0.7,0.2,0.0,0.1,72.30407808706627,64.44884943552863,97,25,edit_025,edit_033
hierarchical_edit_distance,edit_distance,stl_midamerica_to_st_louis_lambert_2026-03-07_0276,midamerica_to_st_louis_lambert,MidAmerica to St. Louis Lambert,w_0276,0.7,0.2,0.1,0.0,72.31182868579829,62.57828111593342,97,1,edit_001,edit_001
hierarchical_edit_distance,edit_distance,stl_midamerica_to_st_louis_lambert_2026-03-07_0277,midamerica_to_st_louis_lambert,MidAmerica to St. Louis Lambert,w_0277,0.7,0.3,0.0,0.0,72.30407808706627,61.14191432851375,97,25,edit_025,edit_033
hierarchical_edit_distance,edit_distance,stl_midamerica_to_st_louis_lambert_2026-03-07_0278,midamerica_to_st_louis_lambert,MidAmerica to St. Louis Lambert,w_0278,0.8,0.0,0.0,0.2,71.90057520712594,72.54498621718544,96,3,edit_003,edit_010
hierarchical_edit_distance,edit_distance,stl_midamerica_to_st_louis_lambert_2026-03-07_0279,midamerica_to_st_louis_lambert,MidAmerica to St. Louis Lambert,w_0279,0.8,0.0,0.1,0.1,71.92408572558828,70.57902968299051,96,5,edit_005,edit_008
hierarchical_edit_distance,edit_distance,stl_midamerica_to_st_louis_lambert_2026-03-07_0280,midamerica_to_st_louis_lambert,MidAmerica to St. Louis Lambert,w_0280,0.8,0.0,0.2,0.0,71.91961578844702,67.47361049064716,96,2,edit_002,edit_003
hierarchical_edit_distance,edit_distance,stl_midamerica_to_st_louis_lambert_2026-03-07_0281,midamerica_to_st_louis_lambert,MidAmerica to St. Louis Lambert,w_0281,0.8,0.1,0.0,0.1,71.92497289546162,70.42229144411164,96,35,edit_035,edit_034
hierarchical_edit_distance,edit_distance,stl_midamerica_to_st_louis_lambert_2026-03-07_0282,midamerica_to_st_louis_lambert,MidAmerica to St. Louis Lambert,w_0282,0.8,0.1,0.1,0.0,71.92318560696049,68.26777983982844,96,2,edit_002,edit_003
hierarchical_edit_distance,edit_distance,stl_midamerica_to_st_louis_lambert_2026-03-07_0283,midamerica_to_st_louis_lambert,MidAmerica to St. Louis Lambert,w_0283,0.8,0.2,0.0,0.0,71.92164999407072,67.25269820369138,96,40,edit_040,edit_055
hierarchical_edit_distance,edit_distance,stl_midamerica_to_st_louis_lambert_2026-03-07_0284,midamerica_to_st_louis_lambert,MidAmerica to St. Louis Lambert,w_0284,0.9,0.0,0.0,0.1,71.90057520712594,75.83810949433362,96,3,edit_003,edit_010
hierarchical_edit_distance,edit_distance,stl_midamerica_to_st_louis_lambert_2026-03-07_0285,midamerica_to_st_louis_lambert,MidAmerica to St. Louis Lambert,w_0285,0.9,0.0,0.1,0.0,71.91961578844702,73.3128993266064,96,2,edit_002,edit_003
hierarchical_edit_distance,edit_distance,stl_midamerica_to_st_louis_lambert_2026-03-07_0286,midamerica_to_st_louis_lambert,MidAmerica to St. Louis Lambert,w_0286,0.9,0.1,0.0,0.0,71.92164999407072,73.20356257054824,96,40,edit_040,edit_055
