cluster_id,cluster_size,route_run_id,weight_id,weight_set,dominant_weight_category,distance_weight,population_weight,traffic_weight,airspace_weight,route_distance_km,total_weighted_score,path_nodes,similarity_threshold
cluster_001,187,rr_all_0063,w_0063,grid_0_10,population_dominant,0.0,0.8,0.2,0.0,77.13961030679326,38.624458678121535,118,0.15
cluster_001,187,rr_all_0065,w_0065,grid_0_10,population_dominant,0.0,0.9,0.1,0.0,76.55382386916388,36.21230497872803,116,0.15
cluster_001,187,rr_all_0066,w_0066,grid_0_10,population_dominant,0.0,1.0,0.0,0.0,74.89696961967374,33.474994527999215,116,0.15
cluster_001,187,rr_all_0097,w_0097,grid_0_10,tied_dominant,0.1,0.3,0.3,0.3,68.16904755831501,50.99141480236735,110,0.15
cluster_001,187,rr_all_0102,w_0102,grid_0_10,tied_dominant,0.1,0.4,0.1,0.4,68.63351365238415,47.5170587101053,113,0.15
cluster_001,187,rr_all_0103,w_0103,grid_0_10,population_dominant,0.1,0.4,0.2,0.3,69.46194077712991,49.75080307368215,113,0.15
cluster_001,187,rr_all_0104,w_0104,grid_0_10,population_dominant,0.1,0.4,0.3,0.2,70.29036790187533,51.72791903980702,113,0.15
cluster_001,187,rr_all_0105,w_0105,grid_0_10,tied_dominant,0.1,0.4,0.4,0.1,72.2401153701762,52.29935491614417,114,0.15
cluster_001,187,rr_all_0106,w_0106,grid_0_10,traffic_dominant,0.1,0.4,0.5,0.0,74.24011537017734,52.20631930758925,118,0.15
cluster_001,187,rr_all_0107,w_0107,grid_0_10,population_dominant,0.1,0.5,0.0,0.4,69.0477272147573,45.11019414489967,113,0.15
cluster_001,187,rr_all_0108,w_0108,grid_0_10,population_dominant,0.1,0.5,0.1,0.3,69.04772721475364,47.43908517806717,113,0.15
cluster_001,187,rr_all_0109,w_0109,grid_0_10,population_dominant,0.1,0.5,0.2,0.2,71.11879502662086,49.43640849178762,113,0.15
cluster_001,187,rr_all_0110,w_0110,grid_0_10,population_dominant,0.1,0.5,0.3,0.1,72.533008588991,50.192216544887046,115,0.15
cluster_001,187,rr_all_0111,w_0111,grid_0_10,population_dominant,0.1,0.5,0.4,0.0,73.82590180780444,50.1656595995052,118,0.15
cluster_001,187,rr_all_0112,w_0112,grid_0_10,population_dominant,0.1,0.6,0.0,0.3,69.87615433950108,44.74987932401886,113,0.15
cluster_001,187,rr_all_0113,w_0113,grid_0_10,population_dominant,0.1,0.6,0.1,0.2,70.16904755831082,46.87010700326641,114,0.15
cluster_001,187,rr_all_0114,w_0114,grid_0_10,population_dominant,0.1,0.6,0.2,0.1,70.58326112067978,47.85254047553056,114,0.15
cluster_001,187,rr_all_0115,w_0115,grid_0_10,population_dominant,0.1,0.6,0.3,0.0,73.11879502661954,47.97060702045472,117,0.15
cluster_001,187,rr_all_0116,w_0116,grid_0_10,population_dominant,0.1,0.7,0.0,0.2,70.16904755831372,43.98473553918589,114,0.15
cluster_001,187,rr_all_0117,w_0117,grid_0_10,population_dominant,0.1,0.7,0.1,0.1,69.75483399593706,45.17602201229023,114,0.15
cluster_001,187,rr_all_0118,w_0118,grid_0_10,population_dominant,0.1,0.7,0.2,0.0,72.4116882454319,45.65240995665456,116,0.15
cluster_001,187,rr_all_0119,w_0119,grid_0_10,population_dominant,0.1,0.8,0.0,0.1,70.16904755831372,42.31210660519916,114,0.15
cluster_001,187,rr_all_0120,w_0120,grid_0_10,population_dominant,0.1,0.8,0.1,0.0,72.11879502661965,43.11158748413581,115,0.15
cluster_001,187,rr_all_0121,w_0121,grid_0_10,population_dominant,0.1,0.9,0.0,0.0,72.41168824541991,40.38229620353869,116,0.15
cluster_001,187,rr_all_0123,w_0123,grid_0_10,airspace_dominant,0.2,0.0,0.1,0.7,66.56244584051775,45.460892562160296,113,0.15
cluster_001,187,rr_all_0124,w_0124,grid_0_10,airspace_dominant,0.2,0.0,0.2,0.6,66.0979797464506,47.91687624481122,110,0.15
cluster_001,187,rr_all_0125,w_0125,grid_0_10,airspace_dominant,0.2,0.0,0.3,0.5,66.92640687119713,50.19716655090316,110,0.15
cluster_001,187,rr_all_0126,w_0126,grid_0_10,tied_dominant,0.2,0.0,0.4,0.4,66.92640687119713,52.2558387530641,110,0.15
cluster_001,187,rr_all_0127,w_0127,grid_0_10,traffic_dominant,0.2,0.0,0.5,0.3,66.92640687119713,54.19403238252004,110,0.15
cluster_001,187,rr_all_0128,w_0128,grid_0_10,traffic_dominant,0.2,0.0,0.6,0.2,66.92640687119713,56.13222601197596,110,0.15
cluster_001,187,rr_all_0129,w_0129,grid_0_10,traffic_dominant,0.2,0.0,0.7,0.1,68.16904755831554,57.56595387807364,110,0.15
cluster_001,187,rr_all_0131,w_0131,grid_0_10,airspace_dominant,0.2,0.1,0.0,0.7,66.85533905933013,47.23162752909865,114,0.15
cluster_001,187,rr_all_0132,w_0132,grid_0_10,airspace_dominant,0.2,0.1,0.1,0.6,67.34062043357126,50.02408786598462,110,0.15
cluster_001,187,rr_all_0133,w_0133,grid_0_10,airspace_dominant,0.2,0.1,0.2,0.5,67.754833995945,52.31203476252646,110,0.15
cluster_001,187,rr_all_0134,w_0134,grid_0_10,airspace_dominant,0.2,0.1,0.3,0.4,68.16904755831702,54.50394942578272,110,0.15
cluster_001,187,rr_all_0135,w_0135,grid_0_10,traffic_dominant,0.2,0.1,0.4,0.3,68.46194077712687,56.53029284975422,111,0.15
cluster_001,187,rr_all_0136,w_0136,grid_0_10,traffic_dominant,0.2,0.1,0.5,0.2,69.82590180780586,58.10971405876737,110,0.15
cluster_001,187,rr_all_0137,w_0137,grid_0_10,traffic_dominant,0.2,0.1,0.6,0.1,69.82590180780609,59.54728659428312,110,0.15
cluster_001,187,rr_all_0138,w_0138,grid_0_10,traffic_dominant,0.2,0.1,0.7,0.0,73.0685424949278,59.94615150289786,114,0.15
cluster_001,187,rr_all_0139,w_0139,grid_0_10,airspace_dominant,0.2,0.2,0.0,0.6,67.34062043357407,49.34663782507901,110,0.15
cluster_001,187,rr_all_0140,w_0140,grid_0_10,airspace_dominant,0.2,0.2,0.1,0.5,67.34062043357058,51.61933293876573,110,0.15
cluster_001,187,rr_all_0141,w_0141,grid_0_10,airspace_dominant,0.2,0.2,0.2,0.4,67.34062043356938,53.77812492234317,110,0.15
cluster_001,187,rr_all_0142,w_0142,grid_0_10,tied_dominant,0.2,0.2,0.3,0.3,68.16904755831501,55.883040788554375,110,0.15
cluster_001,187,rr_all_0143,w_0143,grid_0_10,traffic_dominant,0.2,0.2,0.4,0.2,68.16904755831501,57.79613810240795,110,0.15
cluster_001,187,rr_all_0144,w_0144,grid_0_10,traffic_dominant,0.2,0.2,0.5,0.1,71.36143571373908,59.64940441087472,111,0.15
cluster_001,187,rr_all_0145,w_0145,grid_0_10,traffic_dominant,0.2,0.2,0.6,0.0,72.65432893255154,59.69366064600912,114,0.15
cluster_001,187,rr_all_0146,w_0146,grid_0_10,airspace_dominant,0.2,0.3,0.0,0.5,67.34062043357407,50.568815722216605,110,0.15
cluster_001,187,rr_all_0147,w_0147,grid_0_10,airspace_dominant,0.2,0.3,0.1,0.4,67.34062043356938,52.882384816446304,110,0.15
cluster_001,187,rr_all_0148,w_0148,grid_0_10,tied_dominant,0.2,0.3,0.2,0.3,67.34062043356938,55.04103102614635,110,0.15
cluster_001,187,rr_all_0149,w_0149,grid_0_10,tied_dominant,0.2,0.3,0.3,0.2,68.16904755831501,57.07117993085727,110,0.15
cluster_001,187,rr_all_0150,w_0150,grid_0_10,traffic_dominant,0.2,0.3,0.4,0.1,71.82590180780899,58.83550737967457,114,0.15
cluster_001,187,rr_all_0151,w_0151,grid_0_10,traffic_dominant,0.2,0.3,0.5,0.0,73.11879502662076,58.6576088646818,117,0.15
cluster_001,187,rr_all_0152,w_0152,grid_0_10,tied_dominant,0.2,0.4,0.0,0.4,68.63351365238606,50.87247143418424,113,0.15
cluster_001,187,rr_all_0153,w_0153,grid_0_10,population_dominant,0.2,0.4,0.1,0.3,68.63351365238415,53.32214038417516,113,0.15
cluster_001,187,rr_all_0154,w_0154,grid_0_10,population_dominant,0.2,0.4,0.2,0.2,68.63351365237857,55.55111937651905,113,0.15
cluster_001,187,rr_all_0155,w_0155,grid_0_10,population_dominant,0.2,0.4,0.3,0.1,69.46194077712696,56.70504193603742,113,0.15
cluster_001,187,rr_all_0156,w_0156,grid_0_10,tied_dominant,0.2,0.4,0.4,0.0,71.41168824543296,57.022700663304974,114,0.15
cluster_001,187,rr_all_0157,w_0157,grid_0_10,population_dominant,0.2,0.5,0.0,0.3,69.04772721475554,50.8080470755846,113,0.15
cluster_001,187,rr_all_0158,w_0158,grid_0_10,population_dominant,0.2,0.5,0.1,0.2,69.46194077712488,53.06007093765967,113,0.15
cluster_001,187,rr_all_0159,w_0159,grid_0_10,population_dominant,0.2,0.5,0.2,0.1,69.75483399593706,54.32206828933182,114,0.15
cluster_001,187,rr_all_0160,w_0160,grid_0_10,population_dominant,0.2,0.5,0.3,0.0,70.46194077712663,54.77359250386809,115,0.15
cluster_001,187,rr_all_0161,w_0161,grid_0_10,population_dominant,0.2,0.6,0.0,0.2,69.46194077712852,50.32556673424874,113,0.15
cluster_001,187,rr_all_0162,w_0162,grid_0_10,population_dominant,0.2,0.6,0.1,0.1,69.75483399593706,51.624864884061424,114,0.15
cluster_001,187,rr_all_0163,w_0163,grid_0_10,population_dominant,0.2,0.6,0.2,0.0,69.75483399593948,52.39245257429491,114,0.15
cluster_001,187,rr_all_0164,w_0164,grid_0_10,population_dominant,0.2,0.7,0.0,0.1,69.75483399594117,48.76348143196323,114,0.15
cluster_001,187,rr_all_0165,w_0165,grid_0_10,population_dominant,0.2,0.7,0.1,0.0,69.75483399594002,49.75601672098891,114,0.15
cluster_001,187,rr_all_0166,w_0166,grid_0_10,population_dominant,0.2,0.8,0.0,0.0,69.75483399592655,47.04548447238832,114,0.15
cluster_001,187,rr_all_0167,w_0167,grid_0_10,airspace_dominant,0.3,0.0,0.0,0.7,65.68376618407018,49.06988504995795,110,0.15
cluster_001,187,rr_all_0168,w_0168,grid_0_10,airspace_dominant,0.3,0.0,0.1,0.6,65.68376618407687,51.74796192120943,110,0.15
cluster_001,187,rr_all_0169,w_0169,grid_0_10,airspace_dominant,0.3,0.0,0.2,0.5,65.68376618407687,54.15197071779178,110,0.15
cluster_001,187,rr_all_0170,w_0170,grid_0_10,airspace_dominant,0.3,0.0,0.3,0.4,66.0979797464505,56.479599675090085,110,0.15
cluster_001,187,rr_all_0171,w_0171,grid_0_10,traffic_dominant,0.3,0.0,0.4,0.3,66.51219330882338,58.48821543859823,110,0.15
cluster_001,187,rr_all_0172,w_0172,grid_0_10,traffic_dominant,0.3,0.0,0.5,0.2,66.51219330882338,60.46140072094149,110,0.15
cluster_001,187,rr_all_0173,w_0173,grid_0_10,traffic_dominant,0.3,0.0,0.6,0.1,66.92640687119811,62.23152398463351,110,0.15
cluster_001,187,rr_all_0174,w_0174,grid_0_10,traffic_dominant,0.3,0.0,0.7,0.0,68.5832611206841,62.8012495665111,110,0.15
cluster_001,187,rr_all_0175,w_0175,grid_0_10,airspace_dominant,0.3,0.1,0.0,0.6,66.85533905933013,53.70741919191007,114,0.15
cluster_001,187,rr_all_0176,w_0176,grid_0_10,airspace_dominant,0.3,0.1,0.1,0.5,66.92640687119936,56.15829871269939,110,0.15
cluster_001,187,rr_all_0177,w_0177,grid_0_10,airspace_dominant,0.3,0.1,0.2,0.4,67.34062043357126,58.52540642446808,110,0.15
cluster_001,187,rr_all_0178,w_0178,grid_0_10,tied_dominant,0.3,0.1,0.3,0.3,67.34062043356936,60.70258034338417,110,0.15
cluster_001,187,rr_all_0179,w_0179,grid_0_10,traffic_dominant,0.3,0.1,0.4,0.2,67.75483399594455,62.59453536161012,110,0.15
cluster_001,187,rr_all_0180,w_0180,grid_0_10,traffic_dominant,0.3,0.1,0.5,0.1,68.58326112068613,64.2279257102673,110,0.15
cluster_001,187,rr_all_0181,w_0181,grid_0_10,traffic_dominant,0.3,0.1,0.6,0.0,68.99747468305947,65.06251782264908,110,0.15
cluster_001,187,rr_all_0182,w_0182,grid_0_10,airspace_dominant,0.3,0.2,0.0,0.5,66.92640687120098,55.33931563842403,110,0.15
cluster_001,187,rr_all_0183,w_0183,grid_0_10,airspace_dominant,0.3,0.2,0.1,0.4,67.34062043356938,57.6568535151089,110,0.15
cluster_001,187,rr_all_0184,w_0184,grid_0_10,tied_dominant,0.3,0.2,0.2,0.3,67.34062043356938,59.815499724808944,110,0.15
cluster_001,187,rr_all_0185,w_0185,grid_0_10,tied_dominant,0.3,0.2,0.3,0.2,67.34062043356936,61.89124786713985,110,0.15
cluster_001,187,rr_all_0186,w_0186,grid_0_10,traffic_dominant,0.3,0.2,0.4,0.1,67.75483399594499,63.80765759881355,110,0.15
cluster_001,187,rr_all_0187,w_0187,grid_0_10,traffic_dominant,0.3,0.2,0.5,0.0,69.58326112068329,64.69199980938029,112,0.15
cluster_001,187,rr_all_0188,w_0188,grid_0_10,airspace_dominant,0.3,0.3,0.0,0.4,67.34062043357288,56.43997865779458,110,0.15
cluster_001,187,rr_all_0189,w_0189,grid_0_10,tied_dominant,0.3,0.3,0.1,0.3,67.34062043356808,58.86421857506412,110,0.15
cluster_001,187,rr_all_0190,w_0190,grid_0_10,tied_dominant,0.3,0.3,0.2,0.2,67.34062043356936,61.072632837064376,110,0.15
cluster_001,187,rr_all_0191,w_0191,grid_0_10,tied_dominant,0.3,0.3,0.3,0.1,68.21930009000833,62.8596658451833,113,0.15
cluster_001,187,rr_all_0192,w_0192,grid_0_10,traffic_dominant,0.3,0.3,0.4,0.0,70.16904755831247,63.367990505496266,114,0.15
cluster_001,187,rr_all_0193,w_0193,grid_0_10,population_dominant,0.3,0.4,0.0,0.3,68.21930009001176,56.65390631826891,113,0.15
cluster_001,187,rr_all_0194,w_0194,grid_0_10,population_dominant,0.3,0.4,0.1,0.2,68.63351365237693,58.997684444713045,113,0.15
cluster_001,187,rr_all_0195,w_0195,grid_0_10,population_dominant,0.3,0.4,0.2,0.1,69.04772721475321,60.58432274936868,113,0.15
cluster_001,187,rr_all_0196,w_0196,grid_0_10,population_dominant,0.3,0.4,0.3,0.0,69.46194077712575,61.20148144650631,113,0.15
cluster_001,187,rr_all_0197,w_0197,grid_0_10,population_dominant,0.3,0.5,0.0,0.2,68.63351365238299,56.4235379899316,113,0.15
cluster_001,187,rr_all_0198,w_0198,grid_0_10,population_dominant,0.3,0.5,0.1,0.1,69.46194077712215,58.06056739835815,113,0.15
cluster_001,187,rr_all_0199,w_0199,grid_0_10,population_dominant,0.3,0.5,0.2,0.0,69.75483399594056,58.79865921770551,114,0.15
cluster_001,187,rr_all_0200,w_0200,grid_0_10,population_dominant,0.3,0.6,0.0,0.1,69.75483399594117,55.21382490759027,114,0.15
cluster_001,187,rr_all_0201,w_0201,grid_0_10,population_dominant,0.3,0.6,0.1,0.0,69.75483399594002,56.20248593120799,114,0.15
cluster_001,187,rr_all_0202,w_0202,grid_0_10,population_dominant,0.3,0.7,0.0,0.0,69.75483399592655,53.49582794801329,114,0.15
cluster_001,187,rr_all_0203,w_0203,grid_0_10,airspace_dominant,0.4,0.0,0.0,0.6,65.68376618407018,55.330026180615846,110,0.15
cluster_001,187,rr_all_0204,w_0204,grid_0_10,airspace_dominant,0.4,0.0,0.1,0.5,65.68376618407687,57.96895046977309,110,0.15
cluster_001,187,rr_all_0205,w_0205,grid_0_10,tied_dominant,0.4,0.0,0.2,0.4,65.68376618407687,60.37295926635544,110,0.15
cluster_001,187,rr_all_0206,w_0206,grid_0_10,distance_dominant,0.4,0.0,0.3,0.3,65.68376618407687,62.59318453458749,110,0.15
cluster_001,187,rr_all_0207,w_0207,grid_0_10,tied_dominant,0.4,0.0,0.4,0.2,66.0979797464505,64.65054215855837,110,0.15
cluster_001,187,rr_all_0208,w_0208,grid_0_10,traffic_dominant,0.4,0.0,0.5,0.1,66.09797974645149,66.57653562874786,110,0.15
cluster_001,187,rr_all_0209,w_0209,grid_0_10,traffic_dominant,0.4,0.0,0.6,0.0,68.169047558311,67.65150729975804,110,0.15
cluster_001,187,rr_all_0210,w_0210,grid_0_10,airspace_dominant,0.4,0.1,0.0,0.5,66.9264068712011,59.85332151439556,110,0.15
cluster_001,187,rr_all_0211,w_0211,grid_0_10,tied_dominant,0.4,0.1,0.1,0.4,66.92640687119936,62.27995028305829,110,0.15
cluster_001,187,rr_all_0212,w_0212,grid_0_10,distance_dominant,0.4,0.1,0.2,0.3,66.92640687119695,64.53778515159016,110,0.15
cluster_001,187,rr_all_0213,w_0213,grid_0_10,distance_dominant,0.4,0.1,0.3,0.2,67.34062043356936,66.66571656580244,110,0.15
cluster_001,187,rr_all_0214,w_0214,grid_0_10,tied_dominant,0.4,0.1,0.4,0.1,67.3406204335684,68.53684204214252,110,0.15
cluster_001,187,rr_all_0215,w_0215,grid_0_10,traffic_dominant,0.4,0.1,0.5,0.0,67.75483399594337,69.74554922694583,110,0.15
cluster_001,187,rr_all_0216,w_0216,grid_0_10,tied_dominant,0.4,0.2,0.0,0.4,66.92640687120098,61.3221750745842,110,0.15
cluster_001,187,rr_all_0217,w_0217,grid_0_10,distance_dominant,0.4,0.2,0.1,0.3,66.92640687119695,63.64664475263483,110,0.15
cluster_001,187,rr_all_0218,w_0218,grid_0_10,distance_dominant,0.4,0.2,0.2,0.2,67.34062043356936,65.84710153572696,110,0.15
cluster_001,187,rr_all_0219,w_0219,grid_0_10,distance_dominant,0.4,0.2,0.3,0.1,67.34062043357122,67.82375817841587,110,0.15
cluster_001,187,rr_all_0220,w_0220,grid_0_10,tied_dominant,0.4,0.2,0.4,0.0,68.16904755831469,69.02238876740583,110,0.15
cluster_001,187,rr_all_0221,w_0221,grid_0_10,distance_dominant,0.4,0.3,0.0,0.3,66.92640687119979,62.11924635001432,110,0.15
cluster_001,187,rr_all_0222,w_0222,grid_0_10,distance_dominant,0.4,0.3,0.1,0.2,67.34062043356631,64.57628488330015,110,0.15
cluster_001,187,rr_all_0223,w_0223,grid_0_10,distance_dominant,0.4,0.3,0.2,0.1,67.3406204335684,66.53536438930412,110,0.15
cluster_001,187,rr_all_0224,w_0224,grid_0_10,distance_dominant,0.4,0.3,0.3,0.0,69.04772721475398,67.47650092459983,113,0.15
cluster_001,187,rr_all_0225,w_0225,grid_0_10,tied_dominant,0.4,0.4,0.0,0.2,68.21930009001176,62.31636073766369,113,0.15
cluster_001,187,rr_all_0226,w_0226,grid_0_10,tied_dominant,0.4,0.4,0.1,0.1,68.6335136523766,64.2838172820378,113,0.15
cluster_001,187,rr_all_0227,w_0227,grid_0_10,tied_dominant,0.4,0.4,0.2,0.0,69.46194077712575,65.14233856716311,113,0.15
cluster_001,187,rr_all_0228,w_0228,grid_0_10,population_dominant,0.4,0.5,0.0,0.1,69.04772721475621,61.6349633699195,113,0.15
cluster_001,187,rr_all_0229,w_0229,grid_0_10,population_dominant,0.4,0.5,0.1,0.0,69.75483399594002,62.648955141427074,114,0.15
cluster_001,187,rr_all_0230,w_0230,grid_0_10,population_dominant,0.4,0.6,0.0,0.0,69.75483399592655,59.94617142363828,114,0.15
cluster_001,187,rr_all_0231,w_0231,grid_0_10,tied_dominant,0.5,0.0,0.0,0.5,65.68376618407018,61.59016731127375,110,0.15
cluster_001,187,rr_all_0232,w_0232,grid_0_10,distance_dominant,0.5,0.0,0.1,0.4,65.68376618407687,64.18993901833676,110,0.15
cluster_001,187,rr_all_0233,w_0233,grid_0_10,distance_dominant,0.5,0.0,0.2,0.3,65.68376618407576,66.58885503292034,110,0.15
cluster_001,187,rr_all_0234,w_0234,grid_0_10,distance_dominant,0.5,0.0,0.3,0.2,65.68376618407687,68.68558686229366,110,0.15
cluster_001,187,rr_all_0235,w_0235,grid_0_10,distance_dominant,0.5,0.0,0.4,0.1,65.68376618407783,70.75167321542278,110,0.15
cluster_001,187,rr_all_0236,w_0236,grid_0_10,tied_dominant,0.5,0.0,0.5,0.0,66.09797974644857,72.1340613421271,110,0.15
cluster_001,187,rr_all_0237,w_0237,grid_0_10,distance_dominant,0.5,0.1,0.0,0.4,66.51219330882779,65.93169479032754,110,0.15
cluster_001,187,rr_all_0238,w_0238,grid_0_10,distance_dominant,0.5,0.1,0.1,0.3,66.92640687119695,68.29913399201298,110,0.15
cluster_001,187,rr_all_0239,w_0239,grid_0_10,distance_dominant,0.5,0.1,0.2,0.2,66.92640687119693,70.51043222858486,110,0.15
cluster_001,187,rr_all_0240,w_0240,grid_0_10,distance_dominant,0.5,0.1,0.3,0.1,66.9264068711988,72.54551388969362,110,0.15
cluster_001,187,rr_all_0241,w_0241,grid_0_10,distance_dominant,0.5,0.1,0.4,0.0,67.34062043356862,74.00917229048594,110,0.15
cluster_001,187,rr_all_0242,w_0242,grid_0_10,distance_dominant,0.5,0.2,0.0,0.3,66.92640687119979,67.29755650466156,110,0.15
cluster_001,187,rr_all_0243,w_0243,grid_0_10,distance_dominant,0.5,0.2,0.1,0.2,66.92640687119695,69.62506482117729,110,0.15
cluster_001,187,rr_all_0244,w_0244,grid_0_10,distance_dominant,0.5,0.2,0.2,0.1,66.9264068711988,71.75838732478599,110,0.15
cluster_001,187,rr_all_0245,w_0245,grid_0_10,distance_dominant,0.5,0.2,0.3,0.0,67.34062043356906,73.05191188206354,110,0.15
cluster_001,187,rr_all_0246,w_0246,grid_0_10,distance_dominant,0.5,0.3,0.0,0.2,66.92640687119804,67.77136766717518,110,0.15
cluster_001,187,rr_all_0247,w_0247,grid_0_10,distance_dominant,0.5,0.3,0.1,0.1,66.92640687119301,70.13284264871602,110,0.15
cluster_001,187,rr_all_0248,w_0248,grid_0_10,distance_dominant,0.5,0.3,0.2,0.0,68.16904755831403,71.34298628848939,110,0.15
cluster_001,187,rr_all_0249,w_0249,grid_0_10,distance_dominant,0.5,0.4,0.0,0.1,68.6335136523831,67.77400555268568,113,0.15
cluster_001,187,rr_all_0250,w_0250,grid_0_10,distance_dominant,0.5,0.4,0.1,0.0,69.04772721475288,68.99126834437341,113,0.15
cluster_001,187,rr_all_0251,w_0251,grid_0_10,tied_dominant,0.5,0.5,0.0,0.0,69.75483399592655,66.39651489926325,114,0.15
cluster_001,187,rr_all_0252,w_0252,grid_0_10,distance_dominant,0.6,0.0,0.0,0.4,65.68376618407018,67.85030844193165,110,0.15
cluster_001,187,rr_all_0253,w_0253,grid_0_10,distance_dominant,0.6,0.0,0.1,0.3,65.68376618407687,70.41092756690041,110,0.15
cluster_001,187,rr_all_0254,w_0254,grid_0_10,distance_dominant,0.6,0.0,0.2,0.2,65.68376618407687,72.69241401124923,110,0.15
cluster_001,187,rr_all_0255,w_0255,grid_0_10,distance_dominant,0.6,0.0,0.3,0.1,65.68376618407687,74.77798918999983,110,0.15
cluster_001,187,rr_all_0256,w_0256,grid_0_10,distance_dominant,0.6,0.0,0.4,0.0,65.68376618407666,76.38617046776368,110,0.15
cluster_001,187,rr_all_0257,w_0257,grid_0_10,distance_dominant,0.6,0.1,0.0,0.3,66.51219330882768,71.89664971289218,110,0.15
cluster_001,187,rr_all_0258,w_0258,grid_0_10,distance_dominant,0.6,0.1,0.1,0.2,65.68376618407973,74.24307713287337,110,0.15
cluster_001,187,rr_all_0259,w_0259,grid_0_10,distance_dominant,0.6,0.1,0.2,0.1,65.6837661840797,76.36735383770498,110,0.15
cluster_001,187,rr_all_0260,w_0260,grid_0_10,distance_dominant,0.6,0.1,0.3,0.0,65.68376618407468,77.99065646829953,110,0.15
cluster_001,187,rr_all_0261,w_0261,grid_0_10,distance_dominant,0.6,0.2,0.0,0.2,66.92640687119979,72.96224165915801,110,0.15
cluster_001,187,rr_all_0262,w_0262,grid_0_10,distance_dominant,0.6,0.2,0.1,0.1,66.92640687119497,75.37738278780188,110,0.15
cluster_001,187,rr_all_0263,w_0263,grid_0_10,distance_dominant,0.6,0.2,0.2,0.0,66.92640687119597,76.79647264226477,110,0.15
cluster_001,187,rr_all_0264,w_0264,grid_0_10,distance_dominant,0.6,0.3,0.0,0.1,66.92640687119801,73.38097146679266,110,0.15
cluster_001,187,rr_all_0265,w_0265,grid_0_10,distance_dominant,0.6,0.3,0.1,0.0,66.92640687119489,74.96897076354928,110,0.15
cluster_001,187,rr_all_0266,w_0266,grid_0_10,distance_dominant,0.6,0.4,0.0,0.0,68.63351365237156,72.57184814553969,113,0.15
cluster_001,187,rr_all_0267,w_0267,grid_0_10,distance_dominant,0.7,0.0,0.0,0.3,65.68376618407018,74.11044957258953,110,0.15
cluster_001,187,rr_all_0268,w_0268,grid_0_10,distance_dominant,0.7,0.0,0.1,0.2,65.68376618407687,76.63191611546407,110,0.15
cluster_001,187,rr_all_0269,w_0269,grid_0_10,distance_dominant,0.7,0.0,0.2,0.1,65.68376618407687,78.7848163389554,110,0.15
cluster_001,187,rr_all_0270,w_0270,grid_0_10,distance_dominant,0.7,0.0,0.3,0.0,65.68376618407666,80.51234609196585,110,0.15
cluster_001,187,rr_all_0271,w_0271,grid_0_10,distance_dominant,0.7,0.1,0.0,0.2,65.68376618408016,77.72990635371683,110,0.15
cluster_001,187,rr_all_0272,w_0272,grid_0_10,distance_dominant,0.7,0.1,0.1,0.1,65.6837661840797,79.98945398090403,110,0.15
cluster_001,187,rr_all_0273,w_0273,grid_0_10,distance_dominant,0.7,0.1,0.2,0.0,65.68376618407753,81.69932504904183,110,0.15
cluster_001,187,rr_all_0274,w_0274,grid_0_10,distance_dominant,0.7,0.2,0.0,0.1,66.92640687119804,78.60386144591875,110,0.15
cluster_001,187,rr_all_0275,w_0275,grid_0_10,distance_dominant,0.7,0.2,0.1,0.0,66.92640687119597,80.3506566200197,110,0.15
cluster_001,187,rr_all_0276,w_0276,grid_0_10,distance_dominant,0.7,0.3,0.0,0.0,66.92640687118929,78.3500432961352,110,0.15
cluster_001,187,rr_all_0277,w_0277,grid_0_10,distance_dominant,0.8,0.0,0.0,0.2,65.68376618407018,80.37059070324743,110,0.15
cluster_001,187,rr_all_0278,w_0278,grid_0_10,distance_dominant,0.8,0.0,0.1,0.1,65.68376618407687,82.79164348791099,110,0.15
cluster_001,187,rr_all_0279,w_0279,grid_0_10,distance_dominant,0.8,0.0,0.2,0.0,65.68376618407666,84.63852171616803,110,0.15
cluster_001,187,rr_all_0280,w_0280,grid_0_10,distance_dominant,0.8,0.1,0.0,0.1,65.68376618407895,83.32340184230722,110,0.15
cluster_001,187,rr_all_0281,w_0281,grid_0_10,distance_dominant,0.8,0.1,0.1,0.0,65.68376618407687,85.25645084091872,110,0.15
cluster_001,187,rr_all_0282,w_0282,grid_0_10,distance_dominant,0.8,0.2,0.0,0.0,66.92640687118929,83.78277295656697,110,0.15
cluster_001,187,rr_all_0283,w_0283,grid_0_10,distance_dominant,0.9,0.0,0.0,0.1,65.68376618406954,86.6307318339049,110,0.15
cluster_001,187,rr_all_0284,w_0284,grid_0_10,distance_dominant,0.9,0.0,0.1,0.0,65.68376618407666,88.76469734037022,110,0.15
cluster_001,187,rr_all_0285,w_0285,grid_0_10,distance_dominant,0.9,0.1,0.0,0.0,65.68376618406954,88.50712968731003,110,0.15
cluster_001,187,rr_all_0287,w_0287,equal_weight,equal_weight,0.25,0.25,0.25,0.25,67.34062043356936,58.50037224089298,110,0.15
cluster_002,89,rr_all_0003,w_0003,grid_0_10,airspace_dominant,0.0,0.0,0.2,0.8,205.3085525849042,11.527649863448536,368,0.15
cluster_002,89,rr_all_0004,w_0004,grid_0_10,airspace_dominant,0.0,0.0,0.3,0.7,204.69932026996952,11.645692139179388,365,0.15
cluster_002,89,rr_all_0005,w_0005,grid_0_10,airspace_dominant,0.0,0.0,0.4,0.6,204.4064270511564,11.757118517666896,364,0.15
cluster_002,89,rr_all_0006,w_0006,grid_0_10,tied_dominant,0.0,0.0,0.5,0.5,204.69932026996952,11.868544896154404,365,0.15
cluster_002,89,rr_all_0007,w_0007,grid_0_10,traffic_dominant,0.0,0.0,0.6,0.4,204.82064061352935,11.945627161479695,364,0.15
cluster_002,89,rr_all_0008,w_0008,grid_0_10,traffic_dominant,0.0,0.0,0.7,0.3,204.82064061352935,11.98219446726618,364,0.15
cluster_002,89,rr_all_0009,w_0009,grid_0_10,traffic_dominant,0.0,0.0,0.8,0.2,205.1135338323425,12.018761773052663,365,0.15
cluster_002,89,rr_all_0010,w_0010,grid_0_10,traffic_dominant,0.0,0.0,0.9,0.1,204.52774739471184,11.994392249276093,363,0.15
cluster_002,89,rr_all_0011,w_0011,grid_0_10,traffic_dominant,0.0,0.0,1.0,0.0,195.93669976281373,11.521384484349458,329,0.15
cluster_002,89,rr_all_0014,w_0014,grid_0_10,airspace_dominant,0.0,0.1,0.2,0.7,214.4514183885836,16.168611413444147,371,0.15
cluster_002,89,rr_all_0015,w_0015,grid_0_10,airspace_dominant,0.0,0.1,0.3,0.6,214.45141838858856,16.41708491444375,371,0.15
cluster_002,89,rr_all_0016,w_0016,grid_0_10,airspace_dominant,0.0,0.1,0.4,0.5,214.037204826212,16.658629951790147,371,0.15
cluster_002,89,rr_all_0017,w_0017,grid_0_10,traffic_dominant,0.0,0.1,0.5,0.4,214.7208657300904,16.89851228280709,371,0.15
cluster_002,89,rr_all_0018,w_0018,grid_0_10,traffic_dominant,0.0,0.1,0.6,0.3,212.330098045024,17.042033589757956,368,0.15
cluster_002,89,rr_all_0019,w_0019,grid_0_10,traffic_dominant,0.0,0.1,0.7,0.2,212.5995453865294,17.12877086210343,368,0.15
cluster_002,89,rr_all_0020,w_0020,grid_0_10,traffic_dominant,0.0,0.1,0.8,0.1,212.3300980450223,17.206413048355852,368,0.15
cluster_002,89,rr_all_0021,w_0021,grid_0_10,traffic_dominant,0.0,0.1,0.9,0.0,206.51321361141456,16.980750097610102,347,0.15
cluster_002,89,rr_all_0024,w_0024,grid_0_10,airspace_dominant,0.0,0.2,0.2,0.6,217.4514183885762,20.41941188052704,377,0.15
cluster_002,89,rr_all_0025,w_0025,grid_0_10,airspace_dominant,0.0,0.2,0.3,0.5,217.4514183885762,20.770321028298667,377,0.15
cluster_002,89,rr_all_0026,w_0026,grid_0_10,tied_dominant,0.0,0.2,0.4,0.4,214.720865730094,21.06908635747765,371,0.15
cluster_002,89,rr_all_0027,w_0027,grid_0_10,traffic_dominant,0.0,0.2,0.5,0.3,214.86563195096156,21.274604920165245,371,0.15
cluster_002,89,rr_all_0028,w_0028,grid_0_10,traffic_dominant,0.0,0.2,0.6,0.2,215.13507929246697,21.447711515221798,371,0.15
cluster_002,89,rr_all_0029,w_0029,grid_0_10,traffic_dominant,0.0,0.2,0.7,0.1,214.4514183885832,21.597784084950572,371,0.15
cluster_002,89,rr_all_0030,w_0030,grid_0_10,traffic_dominant,0.0,0.2,0.8,0.0,219.1198153292159,21.675152917535694,366,0.15
cluster_002,89,rr_all_0032,w_0032,grid_0_10,airspace_dominant,0.0,0.3,0.1,0.6,216.74431160739672,24.090659691036667,376,0.15
cluster_002,89,rr_all_0033,w_0033,grid_0_10,airspace_dominant,0.0,0.3,0.2,0.5,216.33009804501572,24.61189157504852,376,0.15
cluster_002,89,rr_all_0034,w_0034,grid_0_10,airspace_dominant,0.0,0.3,0.3,0.4,217.7208657300816,24.99783109126031,377,0.15
cluster_002,89,rr_all_0035,w_0035,grid_0_10,traffic_dominant,0.0,0.3,0.4,0.3,218.8421860736456,25.336754585532184,378,0.15
cluster_002,89,rr_all_0036,w_0036,grid_0_10,traffic_dominant,0.0,0.3,0.5,0.2,220.6940590756952,25.582149991142828,381,0.15
cluster_002,89,rr_all_0037,w_0037,grid_0_10,traffic_dominant,0.0,0.3,0.6,0.1,215.13507929246688,25.753600953326718,371,0.15
cluster_002,89,rr_all_0038,w_0038,grid_0_10,traffic_dominant,0.0,0.3,0.7,0.0,219.11981532921828,25.84171427734158,366,0.15
cluster_002,89,rr_all_0039,w_0039,grid_0_10,airspace_dominant,0.0,0.4,0.0,0.6,173.82400139061602,23.68095710694452,303,0.15
cluster_002,89,rr_all_0040,w_0040,grid_0_10,airspace_dominant,0.0,0.4,0.1,0.5,216.3300980450224,28.17897545467044,376,0.15
cluster_002,89,rr_all_0041,w_0041,grid_0_10,tied_dominant,0.0,0.4,0.2,0.4,216.59954538652784,28.734081665028903,376,0.15
cluster_002,89,rr_all_0042,w_0042,grid_0_10,population_dominant,0.0,0.4,0.3,0.3,217.30665216770723,29.18772420894865,377,0.15
cluster_002,89,rr_all_0043,w_0043,grid_0_10,tied_dominant,0.0,0.4,0.4,0.2,218.57273873214004,29.465163251085087,378,0.15
cluster_002,89,rr_all_0044,w_0044,grid_0_10,traffic_dominant,0.0,0.4,0.5,0.1,218.84218607364548,29.696312246302327,378,0.15
cluster_002,89,rr_all_0045,w_0045,grid_0_10,traffic_dominant,0.0,0.4,0.6,0.0,221.99849498565524,29.889294300876344,373,0.15
cluster_002,89,rr_all_0046,w_0046,grid_0_10,tied_dominant,0.0,0.5,0.0,0.5,173.82400139061602,26.64358265442867,303,0.15
cluster_002,89,rr_all_0047,w_0047,grid_0_10,population_dominant,0.0,0.5,0.1,0.4,157.8005555133062,31.890381720398796,270,0.15
cluster_002,89,rr_all_0048,w_0048,grid_0_10,population_dominant,0.0,0.5,0.2,0.3,216.59954538652784,32.82164315743544,376,0.15
cluster_002,89,rr_all_0049,w_0049,grid_0_10,population_dominant,0.0,0.5,0.3,0.2,217.158525169763,33.30313634844924,376,0.15
cluster_002,89,rr_all_0050,w_0050,grid_0_10,population_dominant,0.0,0.5,0.4,0.1,218.84218607364548,33.569306874255844,378,0.15
cluster_002,89,rr_all_0051,w_0051,grid_0_10,tied_dominant,0.0,0.5,0.5,0.0,221.99849498565524,33.76865008560373,373,0.15
cluster_002,89,rr_all_0052,w_0052,grid_0_10,population_dominant,0.0,0.6,0.0,0.4,174.9218758568658,29.35446520793308,303,0.15
cluster_002,89,rr_all_0053,w_0053,grid_0_10,population_dominant,0.0,0.6,0.1,0.3,158.92187585686364,34.401599005178134,271,0.15
cluster_002,89,rr_all_0054,w_0054,grid_0_10,population_dominant,0.0,0.6,0.2,0.2,216.3300980450224,36.909204649841975,376,0.15
cluster_002,89,rr_all_0055,w_0055,grid_0_10,population_dominant,0.0,0.6,0.3,0.1,217.4279725112752,37.34116279658296,376,0.15
cluster_002,89,rr_all_0056,w_0056,grid_0_10,population_dominant,0.0,0.6,0.4,0.0,164.49239833124142,37.60047517844285,270,0.15
cluster_002,89,rr_all_0057,w_0057,grid_0_10,population_dominant,0.0,0.7,0.0,0.3,175.33608941923825,31.737360792265928,303,0.15
cluster_002,89,rr_all_0058,w_0058,grid_0_10,population_dominant,0.0,0.7,0.1,0.2,158.6524285153582,36.79089275739965,271,0.15
cluster_002,89,rr_all_0059,w_0059,grid_0_10,population_dominant,0.0,0.7,0.2,0.1,162.38634195092777,38.8719424666848,280,0.15
cluster_002,89,rr_all_0060,w_0060,grid_0_10,population_dominant,0.0,0.7,0.3,0.0,164.49239833124088,38.96538663602366,270,0.15
cluster_002,89,rr_all_0061,w_0061,grid_0_10,population_dominant,0.0,0.8,0.0,0.2,175.0666420777328,34.10656950292364,303,0.15
cluster_002,89,rr_all_0062,w_0062,grid_0_10,population_dominant,0.0,0.8,0.1,0.1,157.9218758568663,38.03965787130316,269,0.15
cluster_002,89,rr_all_0064,w_0064,grid_0_10,population_dominant,0.0,0.9,0.0,0.1,175.45740976279637,35.38508394000617,302,0.15
cluster_002,89,rr_all_0069,w_0069,grid_0_10,airspace_dominant,0.1,0.0,0.2,0.7,163.83189318202074,35.062140578013626,307,0.15
cluster_002,89,rr_all_0070,w_0070,grid_0_10,airspace_dominant,0.1,0.0,0.3,0.6,167.07453386913528,35.65565091113492,311,0.15
cluster_002,89,rr_all_0071,w_0071,grid_0_10,airspace_dominant,0.1,0.0,0.4,0.5,167.07453386913528,36.19358495870315,311,0.15
cluster_002,89,rr_all_0072,w_0072,grid_0_10,traffic_dominant,0.1,0.0,0.5,0.4,178.36742708794685,36.635186945354974,334,0.15
cluster_002,89,rr_all_0073,w_0073,grid_0_10,traffic_dominant,0.1,0.0,0.6,0.3,181.78164065031265,36.83765348352303,340,0.15
cluster_002,89,rr_all_0074,w_0074,grid_0_10,traffic_dominant,0.1,0.0,0.7,0.2,181.78164065031265,36.93095851597222,340,0.15
cluster_002,89,rr_all_0075,w_0075,grid_0_10,traffic_dominant,0.1,0.0,0.8,0.1,181.3674270879372,36.96737150793096,340,0.15
cluster_002,89,rr_all_0076,w_0076,grid_0_10,traffic_dominant,0.1,0.0,0.9,0.0,160.44112549695737,34.05981742045194,302,0.15
cluster_002,89,rr_all_0078,w_0078,grid_0_10,airspace_dominant,0.1,0.1,0.1,0.7,125.11616442948169,38.26397653033112,213,0.15
cluster_002,89,rr_all_0079,w_0079,grid_0_10,airspace_dominant,0.1,0.1,0.2,0.6,150.87352374235505,41.091381314161225,267,0.15
cluster_002,89,rr_all_0080,w_0080,grid_0_10,airspace_dominant,0.1,0.1,0.3,0.5,176.45931017997202,42.88140628761506,319,0.15
cluster_002,89,rr_all_0081,w_0081,grid_0_10,tied_dominant,0.1,0.1,0.4,0.4,176.45931017997148,43.39219241468148,319,0.15
cluster_002,89,rr_all_0082,w_0082,grid_0_10,traffic_dominant,0.1,0.1,0.5,0.3,194.23748477303653,43.77737466112892,350,0.15
cluster_002,89,rr_all_0083,w_0083,grid_0_10,traffic_dominant,0.1,0.1,0.6,0.2,177.28773730472358,43.82118115220113,319,0.15
cluster_002,89,rr_all_0084,w_0084,grid_0_10,traffic_dominant,0.1,0.1,0.7,0.1,177.2877373047285,43.761303440784886,319,0.15
cluster_002,89,rr_all_0085,w_0085,grid_0_10,traffic_dominant,0.1,0.1,0.8,0.0,173.11616442946624,41.7996465495096,309,0.15
cluster_002,89,rr_all_0086,w_0086,grid_0_10,airspace_dominant,0.1,0.2,0.0,0.7,125.82327121067254,36.35417323762918,214,0.15
cluster_002,89,rr_all_0087,w_0087,grid_0_10,airspace_dominant,0.1,0.2,0.1,0.6,151.7019508670992,42.22412159310554,267,0.15
cluster_002,89,rr_all_0088,w_0088,grid_0_10,airspace_dominant,0.1,0.2,0.2,0.5,151.7019508670992,44.984841083751824,267,0.15
cluster_002,89,rr_all_0089,w_0089,grid_0_10,airspace_dominant,0.1,0.2,0.3,0.4,151.7019508671003,47.71795078147076,267,0.15
cluster_002,89,rr_all_0090,w_0090,grid_0_10,traffic_dominant,0.1,0.2,0.4,0.3,195.60144580371056,48.44075678968552,349,0.15
cluster_002,89,rr_all_0091,w_0091,grid_0_10,traffic_dominant,0.1,0.2,0.5,0.2,196.01565936608355,48.68534989431306,349,0.15
cluster_002,89,rr_all_0092,w_0092,grid_0_10,traffic_dominant,0.1,0.2,0.6,0.1,196.0156593660834,48.8628300997,349,0.15
cluster_002,89,rr_all_0093,w_0093,grid_0_10,traffic_dominant,0.1,0.2,0.7,0.0,172.5303779918352,47.347917923731295,307,0.15
cluster_002,89,rr_all_0094,w_0094,grid_0_10,airspace_dominant,0.1,0.3,0.0,0.6,136.7522033988042,40.08905595236122,240,0.15
cluster_002,89,rr_all_0095,w_0095,grid_0_10,airspace_dominant,0.1,0.3,0.1,0.5,148.7522033987974,45.914551404114526,264,0.15
cluster_002,89,rr_all_0096,w_0096,grid_0_10,airspace_dominant,0.1,0.3,0.2,0.4,153.16641696116687,48.72999629297686,272,0.15
cluster_002,89,rr_all_0098,w_0098,grid_0_10,traffic_dominant,0.1,0.3,0.4,0.2,151.82327121065578,52.52978224434245,266,0.15
cluster_002,89,rr_all_0099,w_0099,grid_0_10,traffic_dominant,0.1,0.3,0.5,0.1,152.65169833540304,52.55097228836787,266,0.15
cluster_002,89,rr_all_0100,w_0100,grid_0_10,traffic_dominant,0.1,0.3,0.6,0.0,147.7730186789571,52.1788879665951,255,0.15
cluster_002,89,rr_all_0101,w_0101,grid_0_10,airspace_dominant,0.1,0.4,0.0,0.5,136.752203398805,43.47778021533337,240,0.15
cluster_002,89,rr_all_0122,w_0122,grid_0_10,airspace_dominant,0.2,0.0,0.0,0.8,115.90296099388766,41.85414068012096,207,0.15
cluster_002,89,rr_all_0130,w_0130,grid_0_10,traffic_dominant,0.2,0.0,0.8,0.0,155.78427124746668,55.14731305808093,296,0.15
cluster_003,5,rr_all_0012,w_0012,grid_0_10,airspace_dominant,0.0,0.1,0.0,0.9,211.7854223077616,6.583713285879528,333,0.15
cluster_003,5,rr_all_0013,w_0013,grid_0_10,airspace_dominant,0.0,0.1,0.1,0.8,208.54278162063528,13.514085627128305,329,0.15
cluster_003,5,rr_all_0022,w_0022,grid_0_10,airspace_dominant,0.0,0.2,0.0,0.8,211.37120874539053,12.557531278661966,333,0.15
cluster_003,5,rr_all_0023,w_0023,grid_0_10,airspace_dominant,0.0,0.2,0.1,0.7,208.12856805826115,19.61921077655298,329,0.15
cluster_003,5,rr_all_0031,w_0031,grid_0_10,airspace_dominant,0.0,0.3,0.0,0.7,213.02806299488145,18.528245103927187,333,0.15
cluster_004,2,rr_all_0001,w_0001,grid_0_10,airspace_dominant,0.0,0.0,0.0,1.0,239.3501831452554,0.2065869623067159,422,0.15
cluster_004,2,rr_all_0002,w_0002,grid_0_10,airspace_dominant,0.0,0.0,0.1,0.9,208.241056110526,6.427185788878791,337,0.15
cluster_005,2,rr_all_0067,w_0067,grid_0_10,airspace_dominant,0.1,0.0,0.0,0.9,147.92640687118114,22.11101857380008,272,0.15
cluster_005,2,rr_all_0068,w_0068,grid_0_10,airspace_dominant,0.1,0.0,0.1,0.8,165.53300858896205,31.043719758103173,301,0.15
cluster_006,1,rr_all_0077,w_0077,grid_0_10,airspace_dominant,0.1,0.1,0.0,0.8,174.13098833541548,32.0295475616612,295,0.15
cluster_007,1,rr_all_0286,w_0286,grid_0_10,distance_dominant,1.0,0.0,0.0,0.0,65.68376618405257,92.89087296453832,110,0.15
