clustering_method,distance_method,route_run_id,route_pair,route_pair_label,weight_id,distance_weight,population_weight,traffic_weight,airspace_weight,route_distance_km,total_weighted_score,path_nodes,direct_cluster_number,dbscan_cluster,dbscan_cluster_source
dbscan_frechet,frechet,stl_st_louis_downtown_airport_to_st_louis_lambert_2026-03-07_0001,st_louis_downtown_airport_to_st_louis_lambert,St. Louis Downtown Airport to St. Louis Lambert,w_0001,0.0,0.0,0.0,1.0,35.06847425714207,33.400000000000006,40,1,dbscan_001,dbscan_001
dbscan_frechet,frechet,stl_st_louis_downtown_airport_to_st_louis_lambert_2026-03-07_0002,st_louis_downtown_airport_to_st_louis_lambert,St. Louis Downtown Airport to St. Louis Lambert,w_0002,0.0,0.0,0.1,0.9,35.06909548721607,31.596023487914625,40,1,dbscan_001,dbscan_001
dbscan_frechet,frechet,stl_st_louis_downtown_airport_to_st_louis_lambert_2026-03-07_0003,st_louis_downtown_airport_to_st_louis_lambert,St. Louis Downtown Airport to St. Louis Lambert,w_0003,0.0,0.0,0.2,0.8,35.06909548721607,29.792046975829244,40,1,dbscan_001,dbscan_001
dbscan_frechet,frechet,stl_st_louis_downtown_airport_to_st_louis_lambert_2026-03-07_0004,st_louis_downtown_airport_to_st_louis_lambert,St. Louis Downtown Airport to St. Louis Lambert,w_0004,0.0,0.0,0.3,0.7,35.0695243590648,27.98770787773249,40,1,dbscan_001,dbscan_001
dbscan_frechet,frechet,stl_st_louis_downtown_airport_to_st_louis_lambert_2026-03-07_0005,st_louis_downtown_airport_to_st_louis_lambert,St. Louis Downtown Airport to St. Louis Lambert,w_0005,0.0,0.0,0.4,0.6,35.444981506249626,25.94872600455746,41,1,dbscan_001,dbscan_001
dbscan_frechet,frechet,stl_st_louis_downtown_airport_to_st_louis_lambert_2026-03-07_0006,st_louis_downtown_airport_to_st_louis_lambert,St. Louis Downtown Airport to St. Louis Lambert,w_0006,0.0,0.0,0.5,0.5,35.444981506249626,23.835907505696824,41,1,dbscan_001,dbscan_001
dbscan_frechet,frechet,stl_st_louis_downtown_airport_to_st_louis_lambert_2026-03-07_0007,st_louis_downtown_airport_to_st_louis_lambert,St. Louis Downtown Airport to St. Louis Lambert,w_0007,0.0,0.0,0.6,0.4,36.722202807088216,21.501669540768106,43,1,dbscan_001,dbscan_001
dbscan_frechet,frechet,stl_st_louis_downtown_airport_to_st_louis_lambert_2026-03-07_0008,st_louis_downtown_airport_to_st_louis_lambert,St. Louis Downtown Airport to St. Louis Lambert,w_0008,0.0,0.0,0.7,0.3,42.52726079535553,18.921518151579587,50,1,dbscan_001,dbscan_001
dbscan_frechet,frechet,stl_st_louis_downtown_airport_to_st_louis_lambert_2026-03-07_0012,st_louis_downtown_airport_to_st_louis_lambert,St. Louis Downtown Airport to St. Louis Lambert,w_0012,0.0,0.1,0.0,0.9,35.06932923764436,32.5387572976017,40,1,dbscan_001,dbscan_001
dbscan_frechet,frechet,stl_st_louis_downtown_airport_to_st_louis_lambert_2026-03-07_0013,st_louis_downtown_airport_to_st_louis_lambert,St. Louis Downtown Airport to St. Louis Lambert,w_0013,0.0,0.1,0.1,0.8,35.06932923764436,30.74017522982648,40,1,dbscan_001,dbscan_001
dbscan_frechet,frechet,stl_st_louis_downtown_airport_to_st_louis_lambert_2026-03-07_0014,st_louis_downtown_airport_to_st_louis_lambert,St. Louis Downtown Airport to St. Louis Lambert,w_0014,0.0,0.1,0.2,0.7,35.0695243590648,28.910249463468503,40,1,dbscan_001,dbscan_001
dbscan_frechet,frechet,stl_st_louis_downtown_airport_to_st_louis_lambert_2026-03-07_0015,st_louis_downtown_airport_to_st_louis_lambert,St. Louis Downtown Airport to St. Louis Lambert,w_0015,0.0,0.1,0.3,0.6,35.0695243590648,26.972818756046003,40,1,dbscan_001,dbscan_001
dbscan_frechet,frechet,stl_st_louis_downtown_airport_to_st_louis_lambert_2026-03-07_0016,st_louis_downtown_airport_to_st_louis_lambert,St. Louis Downtown Airport to St. Louis Lambert,w_0016,0.0,0.1,0.4,0.5,35.44516965599588,24.98344007817116,41,1,dbscan_001,dbscan_001
dbscan_frechet,frechet,stl_st_louis_downtown_airport_to_st_louis_lambert_2026-03-07_0017,st_louis_downtown_airport_to_st_louis_lambert,St. Louis Downtown Airport to St. Louis Lambert,w_0017,0.0,0.1,0.5,0.4,35.44516965599588,22.90310173559264,41,1,dbscan_001,dbscan_001
dbscan_frechet,frechet,stl_st_louis_downtown_airport_to_st_louis_lambert_2026-03-07_0018,st_louis_downtown_airport_to_st_louis_lambert,St. Louis Downtown Airport to St. Louis Lambert,w_0018,0.0,0.1,0.6,0.3,38.37859402379461,20.611290592539977,46,1,dbscan_001,dbscan_001
dbscan_frechet,frechet,stl_st_louis_downtown_airport_to_st_louis_lambert_2026-03-07_0019,st_louis_downtown_airport_to_st_louis_lambert,St. Louis Downtown Airport to St. Louis Lambert,w_0019,0.0,0.1,0.7,0.2,42.52818650114183,17.808742261037008,50,1,dbscan_001,dbscan_001
dbscan_frechet,frechet,stl_st_louis_downtown_airport_to_st_louis_lambert_2026-03-07_0022,st_louis_downtown_airport_to_st_louis_lambert,St. Louis Downtown Airport to St. Louis Lambert,w_0022,0.0,0.2,0.0,0.8,35.06932923764436,31.677514595203395,40,1,dbscan_001,dbscan_001
dbscan_frechet,frechet,stl_st_louis_downtown_airport_to_st_louis_lambert_2026-03-07_0023,st_louis_downtown_airport_to_st_louis_lambert,St. Louis Downtown Airport to St. Louis Lambert,w_0023,0.0,0.2,0.1,0.7,35.0695243590648,29.83279104920452,40,1,dbscan_001,dbscan_001
dbscan_frechet,frechet,stl_st_louis_downtown_airport_to_st_louis_lambert_2026-03-07_0024,st_louis_downtown_airport_to_st_louis_lambert,St. Louis Downtown Airport to St. Louis Lambert,w_0024,0.0,0.2,0.2,0.6,35.0695243590648,27.895360341782013,40,1,dbscan_001,dbscan_001
dbscan_frechet,frechet,stl_st_louis_downtown_airport_to_st_louis_lambert_2026-03-07_0025,st_louis_downtown_airport_to_st_louis_lambert,St. Louis Downtown Airport to St. Louis Lambert,w_0025,0.0,0.2,0.3,0.5,35.97908767101205,25.94621150545057,41,1,dbscan_001,dbscan_001
dbscan_frechet,frechet,stl_st_louis_downtown_airport_to_st_louis_lambert_2026-03-07_0026,st_louis_downtown_airport_to_st_louis_lambert,St. Louis Downtown Airport to St. Louis Lambert,w_0026,0.0,0.2,0.4,0.4,35.97908767101205,23.87781597298213,41,1,dbscan_001,dbscan_001
dbscan_frechet,frechet,stl_st_louis_downtown_airport_to_st_louis_lambert_2026-03-07_0027,st_louis_downtown_airport_to_st_louis_lambert,St. Louis Downtown Airport to St. Louis Lambert,w_0027,0.0,0.2,0.5,0.3,35.44516965599588,21.80789518407783,41,1,dbscan_001,dbscan_001
dbscan_frechet,frechet,stl_st_louis_downtown_airport_to_st_louis_lambert_2026-03-07_0028,st_louis_downtown_airport_to_st_louis_lambert,St. Louis Downtown Airport to St. Louis Lambert,w_0028,0.0,0.2,0.6,0.2,38.37859402379461,19.516597250184244,46,1,dbscan_001,dbscan_001
dbscan_frechet,frechet,stl_st_louis_downtown_airport_to_st_louis_lambert_2026-03-07_0029,st_louis_downtown_airport_to_st_louis_lambert,St. Louis Downtown Airport to St. Louis Lambert,w_0029,0.0,0.2,0.7,0.1,41.99573947785462,16.61516205659802,50,1,dbscan_001,dbscan_001
dbscan_frechet,frechet,stl_st_louis_downtown_airport_to_st_louis_lambert_2026-03-07_0031,st_louis_downtown_airport_to_st_louis_lambert,St. Louis Downtown Airport to St. Louis Lambert,w_0031,0.0,0.3,0.0,0.7,35.445886833267345,30.45456203944274,41,1,dbscan_001,dbscan_001
dbscan_frechet,frechet,stl_st_louis_downtown_airport_to_st_louis_lambert_2026-03-07_0032,st_louis_downtown_airport_to_st_louis_lambert,St. Louis Downtown Airport to St. Louis Lambert,w_0032,0.0,0.3,0.1,0.6,35.445873467048145,28.783099961692727,41,1,dbscan_001,dbscan_001
dbscan_frechet,frechet,stl_st_louis_downtown_airport_to_st_louis_lambert_2026-03-07_0033,st_louis_downtown_airport_to_st_louis_lambert,St. Louis Downtown Airport to St. Louis Lambert,w_0033,0.0,0.3,0.2,0.5,35.0695243590648,26.88047122009552,40,1,dbscan_001,dbscan_001
dbscan_frechet,frechet,stl_st_louis_downtown_airport_to_st_louis_lambert_2026-03-07_0034,st_louis_downtown_airport_to_st_louis_lambert,St. Louis Downtown Airport to St. Louis Lambert,w_0034,0.0,0.3,0.3,0.4,35.97908767101205,24.82191055687852,41,1,dbscan_001,dbscan_001
dbscan_frechet,frechet,stl_st_louis_downtown_airport_to_st_louis_lambert_2026-03-07_0035,st_louis_downtown_airport_to_st_louis_lambert,St. Louis Downtown Airport to St. Louis Lambert,w_0035,0.0,0.3,0.4,0.3,35.97908767101205,22.75351502441008,41,1,dbscan_001,dbscan_001
dbscan_frechet,frechet,stl_st_louis_downtown_airport_to_st_louis_lambert_2026-03-07_0036,st_louis_downtown_airport_to_st_louis_lambert,St. Louis Downtown Airport to St. Louis Lambert,w_0036,0.0,0.3,0.5,0.2,35.97908767101205,20.685119491941634,41,1,dbscan_001,dbscan_001
dbscan_frechet,frechet,stl_st_louis_downtown_airport_to_st_louis_lambert_2026-03-07_0039,st_louis_downtown_airport_to_st_louis_lambert,St. Louis Downtown Airport to St. Louis Lambert,w_0039,0.0,0.4,0.0,0.6,36.19711858407648,28.76484096834563,43,1,dbscan_001,dbscan_001
dbscan_frechet,frechet,stl_st_louis_downtown_airport_to_st_louis_lambert_2026-03-07_0040,st_louis_downtown_airport_to_st_louis_lambert,St. Louis Downtown Airport to St. Louis Lambert,w_0040,0.0,0.4,0.1,0.5,36.19710521785728,27.27124853377441,43,1,dbscan_001,dbscan_001
dbscan_frechet,frechet,stl_st_louis_downtown_airport_to_st_louis_lambert_2026-03-07_0041,st_louis_downtown_airport_to_st_louis_lambert,St. Louis Downtown Airport to St. Louis Lambert,w_0041,0.0,0.4,0.2,0.4,35.445716975103075,25.744409809190373,41,1,dbscan_001,dbscan_001
dbscan_frechet,frechet,stl_st_louis_downtown_airport_to_st_louis_lambert_2026-03-07_0042,st_louis_downtown_airport_to_st_louis_lambert,St. Louis Downtown Airport to St. Louis Lambert,w_0042,0.0,0.4,0.3,0.3,35.97908767101205,23.697609608306465,41,1,dbscan_001,dbscan_001
dbscan_frechet,frechet,stl_st_louis_downtown_airport_to_st_louis_lambert_2026-03-07_0043,st_louis_downtown_airport_to_st_louis_lambert,St. Louis Downtown Airport to St. Louis Lambert,w_0043,0.0,0.4,0.4,0.2,35.97908767101205,21.62921407583802,41,1,dbscan_001,dbscan_001
dbscan_frechet,frechet,stl_st_louis_downtown_airport_to_st_louis_lambert_2026-03-07_0046,st_louis_downtown_airport_to_st_louis_lambert,St. Louis Downtown Airport to St. Louis Lambert,w_0046,0.0,0.5,0.0,0.5,44.03384803406542,26.60939863291437,54,2,dbscan_002,dbscan_003
dbscan_frechet,frechet,stl_st_louis_downtown_airport_to_st_louis_lambert_2026-03-07_0047,st_louis_downtown_airport_to_st_louis_lambert,St. Louis Downtown Airport to St. Louis Lambert,w_0047,0.0,0.5,0.1,0.4,36.19710521785728,25.36245877586082,43,1,dbscan_001,dbscan_001
dbscan_frechet,frechet,stl_st_louis_downtown_airport_to_st_louis_lambert_2026-03-07_0048,st_louis_downtown_airport_to_st_louis_lambert,St. Louis Downtown Airport to St. Louis Lambert,w_0048,0.0,0.5,0.2,0.3,36.19710521785728,23.868866341289603,43,1,dbscan_001,dbscan_001
dbscan_frechet,frechet,stl_st_louis_downtown_airport_to_st_louis_lambert_2026-03-07_0052,st_louis_downtown_airport_to_st_louis_lambert,St. Louis Downtown Airport to St. Louis Lambert,w_0052,0.0,0.6,0.0,0.4,44.03384803406542,23.091278359497245,54,2,dbscan_002,dbscan_003
dbscan_frechet,frechet,stl_st_louis_downtown_airport_to_st_louis_lambert_2026-03-07_0053,st_louis_downtown_airport_to_st_louis_lambert,St. Louis Downtown Airport to St. Louis Lambert,w_0053,0.0,0.6,0.1,0.3,43.36583125897728,22.42678300647261,55,2,dbscan_002,dbscan_003
dbscan_frechet,frechet,stl_st_louis_downtown_airport_to_st_louis_lambert_2026-03-07_0057,st_louis_downtown_airport_to_st_louis_lambert,St. Louis Downtown Airport to St. Louis Lambert,w_0057,0.0,0.7,0.0,0.3,44.94282493851701,19.51444065027037,55,2,dbscan_002,dbscan_003
dbscan_frechet,frechet,stl_st_louis_downtown_airport_to_st_louis_lambert_2026-03-07_0058,st_louis_downtown_airport_to_st_louis_lambert,St. Louis Downtown Airport to St. Louis Lambert,w_0058,0.0,0.7,0.1,0.2,43.36583125897728,18.81456024222552,55,2,dbscan_002,dbscan_003
dbscan_frechet,frechet,stl_st_louis_downtown_airport_to_st_louis_lambert_2026-03-07_0061,st_louis_downtown_airport_to_st_louis_lambert,St. Louis Downtown Airport to St. Louis Lambert,w_0061,0.0,0.8,0.0,0.2,44.94282493851701,15.902217886023276,55,2,dbscan_002,dbscan_003
dbscan_frechet,frechet,stl_st_louis_downtown_airport_to_st_louis_lambert_2026-03-07_0064,st_louis_downtown_airport_to_st_louis_lambert,St. Louis Downtown Airport to St. Louis Lambert,w_0064,0.0,0.9,0.0,0.1,47.51143657183832,12.183943361283864,59,2,dbscan_002,dbscan_003
dbscan_frechet,frechet,stl_st_louis_downtown_airport_to_st_louis_lambert_2026-03-07_0067,st_louis_downtown_airport_to_st_louis_lambert,St. Louis Downtown Airport to St. Louis Lambert,w_0067,0.1,0.0,0.0,0.9,35.06847425714207,33.919512377179984,40,1,dbscan_001,dbscan_001
dbscan_frechet,frechet,stl_st_louis_downtown_airport_to_st_louis_lambert_2026-03-07_0068,st_louis_downtown_airport_to_st_louis_lambert,St. Louis Downtown Airport to St. Louis Lambert,w_0068,0.1,0.0,0.1,0.8,35.06909548721607,32.1156042354817,40,1,dbscan_001,dbscan_001
dbscan_frechet,frechet,stl_st_louis_downtown_airport_to_st_louis_lambert_2026-03-07_0069,st_louis_downtown_airport_to_st_louis_lambert,St. Louis Downtown Airport to St. Louis Lambert,w_0069,0.1,0.0,0.2,0.7,35.06909548721607,30.31162772339632,40,1,dbscan_001,dbscan_001
dbscan_frechet,frechet,stl_st_louis_downtown_airport_to_st_louis_lambert_2026-03-07_0070,st_louis_downtown_airport_to_st_louis_lambert,St. Louis Downtown Airport to St. Louis Lambert,w_0070,0.1,0.0,0.3,0.6,35.0695243590648,28.46733582542,40,1,dbscan_001,dbscan_001
dbscan_frechet,frechet,stl_st_louis_downtown_airport_to_st_louis_lambert_2026-03-07_0071,st_louis_downtown_airport_to_st_louis_lambert,St. Louis Downtown Airport to St. Louis Lambert,w_0071,0.1,0.0,0.4,0.5,35.44496799381346,26.40967395221476,41,1,dbscan_001,dbscan_001
dbscan_frechet,frechet,stl_st_louis_downtown_airport_to_st_louis_lambert_2026-03-07_0072,st_louis_downtown_airport_to_st_louis_lambert,St. Louis Downtown Airport to St. Louis Lambert,w_0072,0.1,0.0,0.5,0.4,35.81950888310027,24.28921282747661,42,1,dbscan_001,dbscan_001
dbscan_frechet,frechet,stl_st_louis_downtown_airport_to_st_louis_lambert_2026-03-07_0073,st_louis_downtown_airport_to_st_louis_lambert,St. Louis Downtown Airport to St. Louis Lambert,w_0073,0.1,0.0,0.6,0.3,36.722202807088216,21.98318543940762,43,1,dbscan_001,dbscan_001
dbscan_frechet,frechet,stl_st_louis_downtown_airport_to_st_louis_lambert_2026-03-07_0074,st_louis_downtown_airport_to_st_louis_lambert,St. Louis Downtown Airport to St. Louis Lambert,w_0074,0.1,0.0,0.7,0.2,40.78001938815905,19.250814520432115,51,1,dbscan_001,dbscan_001
dbscan_frechet,frechet,stl_st_louis_downtown_airport_to_st_louis_lambert_2026-03-07_0075,st_louis_downtown_airport_to_st_louis_lambert,St. Louis Downtown Airport to St. Louis Lambert,w_0075,0.1,0.0,0.8,0.1,41.68391537561124,16.006328658768137,52,1,dbscan_001,dbscan_001
dbscan_frechet,frechet,stl_st_louis_downtown_airport_to_st_louis_lambert_2026-03-07_0076,st_louis_downtown_airport_to_st_louis_lambert,St. Louis Downtown Airport to St. Louis Lambert,w_0076,0.1,0.0,0.9,0.0,41.68391537561124,12.641171684385789,52,1,dbscan_001,dbscan_001
dbscan_frechet,frechet,stl_st_louis_downtown_airport_to_st_louis_lambert_2026-03-07_0077,st_louis_downtown_airport_to_st_louis_lambert,St. Louis Downtown Airport to St. Louis Lambert,w_0077,0.1,0.1,0.0,0.8,35.06932923764436,33.05836377091505,40,1,dbscan_001,dbscan_001
dbscan_frechet,frechet,stl_st_louis_downtown_airport_to_st_louis_lambert_2026-03-07_0078,st_louis_downtown_airport_to_st_louis_lambert,St. Louis Downtown Airport to St. Louis Lambert,w_0078,0.1,0.1,0.1,0.7,35.06932923764436,31.259781703139826,40,1,dbscan_001,dbscan_001
dbscan_frechet,frechet,stl_st_louis_downtown_airport_to_st_louis_lambert_2026-03-07_0079,st_louis_downtown_airport_to_st_louis_lambert,St. Louis Downtown Airport to St. Louis Lambert,w_0079,0.1,0.1,0.2,0.6,35.0695243590648,29.38987741115601,40,1,dbscan_001,dbscan_001
dbscan_frechet,frechet,stl_st_louis_downtown_airport_to_st_louis_lambert_2026-03-07_0080,st_louis_downtown_airport_to_st_louis_lambert,St. Louis Downtown Airport to St. Louis Lambert,w_0080,0.1,0.1,0.3,0.5,35.0695243590648,27.452446703733507,40,1,dbscan_001,dbscan_001
dbscan_frechet,frechet,stl_st_louis_downtown_airport_to_st_louis_lambert_2026-03-07_0081,st_louis_downtown_airport_to_st_louis_lambert,St. Louis Downtown Airport to St. Louis Lambert,w_0081,0.1,0.1,0.4,0.4,35.44516965599588,25.444410220055765,41,1,dbscan_001,dbscan_001
dbscan_frechet,frechet,stl_st_louis_downtown_airport_to_st_louis_lambert_2026-03-07_0082,st_louis_downtown_airport_to_st_louis_lambert,St. Louis Downtown Airport to St. Louis Lambert,w_0082,0.1,0.1,0.5,0.3,35.44516965599588,23.36407187747725,41,1,dbscan_001,dbscan_001
dbscan_frechet,frechet,stl_st_louis_downtown_airport_to_st_louis_lambert_2026-03-07_0083,st_louis_downtown_airport_to_st_louis_lambert,St. Louis Downtown Airport to St. Louis Lambert,w_0083,0.1,0.1,0.6,0.2,37.845173286320176,21.049187970990225,46,1,dbscan_001,dbscan_001
dbscan_frechet,frechet,stl_st_louis_downtown_airport_to_st_louis_lambert_2026-03-07_0084,st_louis_downtown_airport_to_st_louis_lambert,St. Louis Downtown Airport to St. Louis Lambert,w_0084,0.1,0.1,0.7,0.1,40.405336483077846,18.230717341118847,50,1,dbscan_001,dbscan_001
dbscan_frechet,frechet,stl_st_louis_downtown_airport_to_st_louis_lambert_2026-03-07_0085,st_louis_downtown_airport_to_st_louis_lambert,St. Louis Downtown Airport to St. Louis Lambert,w_0085,0.1,0.1,0.8,0.0,42.21731196708308,15.053912499663168,52,1,dbscan_001,dbscan_001
dbscan_frechet,frechet,stl_st_louis_downtown_airport_to_st_louis_lambert_2026-03-07_0086,st_louis_downtown_airport_to_st_louis_lambert,St. Louis Downtown Airport to St. Louis Lambert,w_0086,0.1,0.2,0.0,0.7,35.06987633323177,32.1620659109165,40,1,dbscan_001,dbscan_001
dbscan_frechet,frechet,stl_st_louis_downtown_airport_to_st_louis_lambert_2026-03-07_0087,st_louis_downtown_airport_to_st_louis_lambert,St. Louis Downtown Airport to St. Louis Lambert,w_0087,0.1,0.2,0.1,0.6,35.0695243590648,30.31241899689202,40,1,dbscan_001,dbscan_001
dbscan_frechet,frechet,stl_st_louis_downtown_airport_to_st_louis_lambert_2026-03-07_0088,st_louis_downtown_airport_to_st_louis_lambert,St. Louis Downtown Airport to St. Louis Lambert,w_0088,0.1,0.2,0.2,0.5,35.0695243590648,28.37498828946952,40,1,dbscan_001,dbscan_001
dbscan_frechet,frechet,stl_st_louis_downtown_airport_to_st_louis_lambert_2026-03-07_0089,st_louis_downtown_airport_to_st_louis_lambert,St. Louis Downtown Airport to St. Louis Lambert,w_0089,0.1,0.2,0.3,0.4,35.44516965599588,26.42954201111946,41,1,dbscan_001,dbscan_001
dbscan_frechet,frechet,stl_st_louis_downtown_airport_to_st_louis_lambert_2026-03-07_0090,st_louis_downtown_airport_to_st_louis_lambert,St. Louis Downtown Airport to St. Louis Lambert,w_0090,0.1,0.2,0.4,0.3,35.44516965599588,24.349203668540948,41,1,dbscan_001,dbscan_001
dbscan_frechet,frechet,stl_st_louis_downtown_airport_to_st_louis_lambert_2026-03-07_0091,st_louis_downtown_airport_to_st_louis_lambert,St. Louis Downtown Airport to St. Louis Lambert,w_0091,0.1,0.2,0.5,0.2,35.44516965599588,22.26886532596244,41,1,dbscan_001,dbscan_001
dbscan_frechet,frechet,stl_st_louis_downtown_airport_to_st_louis_lambert_2026-03-07_0092,st_louis_downtown_airport_to_st_louis_lambert,St. Louis Downtown Airport to St. Louis Lambert,w_0092,0.1,0.2,0.6,0.1,38.37853951460124,19.96040371489029,46,1,dbscan_001,dbscan_001
dbscan_frechet,frechet,stl_st_louis_downtown_airport_to_st_louis_lambert_2026-03-07_0093,st_louis_downtown_airport_to_st_louis_lambert,St. Louis Downtown Airport to St. Louis Lambert,w_0093,0.1,0.2,0.7,0.0,41.46745904988415,17.078924091971913,50,1,dbscan_001,dbscan_001
dbscan_frechet,frechet,stl_st_louis_downtown_airport_to_st_louis_lambert_2026-03-07_0094,st_louis_downtown_airport_to_st_louis_lambert,St. Louis Downtown Airport to St. Louis Lambert,w_0094,0.1,0.3,0.0,0.6,35.44580648998812,30.91560226902656,41,1,dbscan_001,dbscan_001
dbscan_frechet,frechet,stl_st_louis_downtown_airport_to_st_louis_lambert_2026-03-07_0095,st_louis_downtown_airport_to_st_louis_lambert,St. Louis Downtown Airport to St. Louis Lambert,w_0095,0.1,0.3,0.1,0.5,35.445873467048145,29.24414756253513,41,1,dbscan_001,dbscan_001
dbscan_frechet,frechet,stl_st_louis_downtown_airport_to_st_louis_lambert_2026-03-07_0096,st_louis_downtown_airport_to_st_louis_lambert,St. Louis Downtown Airport to St. Louis Lambert,w_0096,0.1,0.3,0.2,0.4,35.4449746107742,27.354593384926503,41,1,dbscan_001,dbscan_001
dbscan_frechet,frechet,stl_st_louis_downtown_airport_to_st_louis_lambert_2026-03-07_0097,st_louis_downtown_airport_to_st_louis_lambert,St. Louis Downtown Airport to St. Louis Lambert,w_0097,0.1,0.3,0.3,0.3,35.4449746107742,25.31150837044484,41,1,dbscan_001,dbscan_001
dbscan_frechet,frechet,stl_st_louis_downtown_airport_to_st_louis_lambert_2026-03-07_0098,st_louis_downtown_airport_to_st_louis_lambert,St. Louis Downtown Airport to St. Louis Lambert,w_0098,0.1,0.3,0.4,0.2,35.44516965599588,23.25399711702613,41,1,dbscan_001,dbscan_001
dbscan_frechet,frechet,stl_st_louis_downtown_airport_to_st_louis_lambert_2026-03-07_0099,st_louis_downtown_airport_to_st_louis_lambert,St. Louis Downtown Airport to St. Louis Lambert,w_0099,0.1,0.3,0.5,0.1,35.44516965599588,21.17365877444762,41,1,dbscan_001,dbscan_001
dbscan_frechet,frechet,stl_st_louis_downtown_airport_to_st_louis_lambert_2026-03-07_0100,st_louis_downtown_airport_to_st_louis_lambert,St. Louis Downtown Airport to St. Louis Lambert,w_0100,0.1,0.3,0.6,0.0,37.84560087545425,18.83122720935644,46,1,dbscan_001,dbscan_001
dbscan_frechet,frechet,stl_st_louis_downtown_airport_to_st_louis_lambert_2026-03-07_0101,st_louis_downtown_airport_to_st_louis_lambert,St. Louis Downtown Airport to St. Louis Lambert,w_0101,0.1,0.4,0.0,0.5,36.197024617572914,29.1085576109412,43,1,dbscan_001,dbscan_001
dbscan_frechet,frechet,stl_st_louis_downtown_airport_to_st_louis_lambert_2026-03-07_0102,st_louis_downtown_airport_to_st_louis_lambert,St. Louis Downtown Airport to St. Louis Lambert,w_0102,0.1,0.4,0.1,0.4,36.19709159463293,27.614972547628568,43,1,dbscan_001,dbscan_001
dbscan_frechet,frechet,stl_st_louis_downtown_airport_to_st_louis_lambert_2026-03-07_0103,st_louis_downtown_airport_to_st_louis_lambert,St. Louis Downtown Airport to St. Louis Lambert,w_0103,0.1,0.4,0.2,0.3,36.19709159463293,26.121380113057352,43,1,dbscan_001,dbscan_001
dbscan_frechet,frechet,stl_st_louis_downtown_airport_to_st_louis_lambert_2026-03-07_0104,st_louis_downtown_airport_to_st_louis_lambert,St. Louis Downtown Airport to St. Louis Lambert,w_0104,0.1,0.4,0.3,0.2,35.4449746107742,24.171446616442573,41,1,dbscan_001,dbscan_001
dbscan_frechet,frechet,stl_st_louis_downtown_airport_to_st_louis_lambert_2026-03-07_0105,st_louis_downtown_airport_to_st_louis_lambert,St. Louis Downtown Airport to St. Louis Lambert,w_0105,0.1,0.4,0.4,0.1,35.4449746107742,22.128361601960915,41,1,dbscan_001,dbscan_001
dbscan_frechet,frechet,stl_st_louis_downtown_airport_to_st_louis_lambert_2026-03-07_0106,st_louis_downtown_airport_to_st_louis_lambert,St. Louis Downtown Airport to St. Louis Lambert,w_0106,0.1,0.4,0.5,0.0,36.35452263545163,20.055566253326965,42,1,dbscan_001,dbscan_001
dbscan_frechet,frechet,stl_st_louis_downtown_airport_to_st_louis_lambert_2026-03-07_0107,st_louis_downtown_airport_to_st_louis_lambert,St. Louis Downtown Airport to St. Louis Lambert,w_0107,0.1,0.5,0.0,0.4,41.9229869363072,26.803294458053653,54,2,dbscan_002,dbscan_003
dbscan_frechet,frechet,stl_st_louis_downtown_airport_to_st_louis_lambert_2026-03-07_0108,st_louis_downtown_airport_to_st_louis_lambert,St. Louis Downtown Airport to St. Louis Lambert,w_0108,0.1,0.5,0.1,0.3,36.19709159463293,25.706182789714973,43,1,dbscan_001,dbscan_001
dbscan_frechet,frechet,stl_st_louis_downtown_airport_to_st_louis_lambert_2026-03-07_0109,st_louis_downtown_airport_to_st_louis_lambert,St. Louis Downtown Airport to St. Louis Lambert,w_0109,0.1,0.5,0.2,0.2,36.19709159463293,24.21259035514376,43,1,dbscan_001,dbscan_001
dbscan_frechet,frechet,stl_st_louis_downtown_airport_to_st_louis_lambert_2026-03-07_0110,st_louis_downtown_airport_to_st_louis_lambert,St. Louis Downtown Airport to St. Louis Lambert,w_0110,0.1,0.5,0.3,0.1,36.197052438376296,22.69046064973321,43,1,dbscan_001,dbscan_001
dbscan_frechet,frechet,stl_st_louis_downtown_airport_to_st_louis_lambert_2026-03-07_0111,st_louis_downtown_airport_to_st_louis_lambert,St. Louis Downtown Airport to St. Louis Lambert,w_0111,0.1,0.5,0.4,0.0,36.35452263545163,20.88642556128512,42,1,dbscan_001,dbscan_001
dbscan_frechet,frechet,stl_st_louis_downtown_airport_to_st_louis_lambert_2026-03-07_0112,st_louis_downtown_airport_to_st_louis_lambert,St. Louis Downtown Airport to St. Louis Lambert,w_0112,0.1,0.6,0.0,0.3,41.9229869363072,23.285174184636524,54,2,dbscan_002,dbscan_003
dbscan_frechet,frechet,stl_st_louis_downtown_airport_to_st_louis_lambert_2026-03-07_0113,st_louis_downtown_airport_to_st_louis_lambert,St. Louis Downtown Airport to St. Louis Lambert,w_0113,0.1,0.6,0.1,0.2,42.29854702713947,22.6169576232687,55,2,dbscan_002,dbscan_003
dbscan_frechet,frechet,stl_st_louis_downtown_airport_to_st_louis_lambert_2026-03-07_0115,st_louis_downtown_airport_to_st_louis_lambert,St. Louis Downtown Airport to St. Louis Lambert,w_0115,0.1,0.6,0.3,0.0,43.06042067730744,19.92817389426061,57,5,dbscan_005,dbscan_noise_013
dbscan_frechet,frechet,stl_st_louis_downtown_airport_to_st_louis_lambert_2026-03-07_0116,st_louis_downtown_airport_to_st_louis_lambert,St. Louis Downtown Airport to St. Louis Lambert,w_0116,0.1,0.7,0.0,0.2,42.29849336979702,19.68966338678702,55,2,dbscan_002,dbscan_003
dbscan_frechet,frechet,stl_st_louis_downtown_airport_to_st_louis_lambert_2026-03-07_0117,st_louis_downtown_airport_to_st_louis_lambert,St. Louis Downtown Airport to St. Louis Lambert,w_0117,0.1,0.7,0.1,0.1,41.7707608340185,18.96508116887782,55,2,dbscan_002,dbscan_003
dbscan_frechet,frechet,stl_st_louis_downtown_airport_to_st_louis_lambert_2026-03-07_0118,st_louis_downtown_airport_to_st_louis_lambert,St. Louis Downtown Airport to St. Louis Lambert,w_0118,0.1,0.7,0.2,0.0,44.49789776002518,18.116698523665683,58,2,dbscan_002,dbscan_003
dbscan_frechet,frechet,stl_st_louis_downtown_airport_to_st_louis_lambert_2026-03-07_0119,st_louis_downtown_airport_to_st_louis_lambert,St. Louis Downtown Airport to St. Louis Lambert,w_0119,0.1,0.8,0.0,0.1,41.77074742931658,16.059358768896814,55,2,dbscan_002,dbscan_003
dbscan_frechet,frechet,stl_st_louis_downtown_airport_to_st_louis_lambert_2026-03-07_0120,st_louis_downtown_airport_to_st_louis_lambert,St. Louis Downtown Airport to St. Louis Lambert,w_0120,0.1,0.8,0.1,0.0,42.52149307187736,15.254576660259856,57,2,dbscan_002,dbscan_003
dbscan_frechet,frechet,stl_st_louis_downtown_airport_to_st_louis_lambert_2026-03-07_0121,st_louis_downtown_airport_to_st_louis_lambert,St. Louis Downtown Airport to St. Louis Lambert,w_0121,0.1,0.9,0.0,0.0,43.80569615290962,12.300538894859075,59,2,dbscan_002,dbscan_003
dbscan_frechet,frechet,stl_st_louis_downtown_airport_to_st_louis_lambert_2026-03-07_0122,st_louis_downtown_airport_to_st_louis_lambert,St. Louis Downtown Airport to St. Louis Lambert,w_0122,0.2,0.0,0.0,0.8,35.06847425714207,34.43902475435996,40,1,dbscan_001,dbscan_001
dbscan_frechet,frechet,stl_st_louis_downtown_airport_to_st_louis_lambert_2026-03-07_0123,st_louis_downtown_airport_to_st_louis_lambert,St. Louis Downtown Airport to St. Louis Lambert,w_0123,0.2,0.0,0.1,0.7,35.06909548721607,32.63518498304876,40,1,dbscan_001,dbscan_001
dbscan_frechet,frechet,stl_st_louis_downtown_airport_to_st_louis_lambert_2026-03-07_0124,st_louis_downtown_airport_to_st_louis_lambert,St. Louis Downtown Airport to St. Louis Lambert,w_0124,0.2,0.0,0.2,0.6,35.06909548721607,30.831208470963382,40,1,dbscan_001,dbscan_001
dbscan_frechet,frechet,stl_st_louis_downtown_airport_to_st_louis_lambert_2026-03-07_0125,st_louis_downtown_airport_to_st_louis_lambert,St. Louis Downtown Airport to St. Louis Lambert,w_0125,0.2,0.0,0.3,0.5,35.0695243590648,28.946963773107505,40,1,dbscan_001,dbscan_001
dbscan_frechet,frechet,stl_st_louis_downtown_airport_to_st_louis_lambert_2026-03-07_0126,st_louis_downtown_airport_to_st_louis_lambert,St. Louis Downtown Airport to St. Louis Lambert,w_0126,0.2,0.0,0.4,0.4,35.44496799381346,26.870621899872063,41,1,dbscan_001,dbscan_001
dbscan_frechet,frechet,stl_st_louis_downtown_airport_to_st_louis_lambert_2026-03-07_0127,st_louis_downtown_airport_to_st_louis_lambert,St. Louis Downtown Airport to St. Louis Lambert,w_0127,0.2,0.0,0.5,0.3,35.81950888310027,24.731381422127647,42,1,dbscan_001,dbscan_001
dbscan_frechet,frechet,stl_st_louis_downtown_airport_to_st_louis_lambert_2026-03-07_0128,st_louis_downtown_airport_to_st_louis_lambert,St. Louis Downtown Airport to St. Louis Lambert,w_0128,0.2,0.0,0.6,0.2,36.722202807088216,22.46470133804714,43,1,dbscan_001,dbscan_001
dbscan_frechet,frechet,stl_st_louis_downtown_airport_to_st_louis_lambert_2026-03-07_0129,st_louis_downtown_airport_to_st_louis_lambert,St. Louis Downtown Airport to St. Louis Lambert,w_0129,0.2,0.0,0.7,0.1,40.78001938815905,19.57891937541265,51,1,dbscan_001,dbscan_001
dbscan_frechet,frechet,stl_st_louis_downtown_airport_to_st_louis_lambert_2026-03-07_0130,st_louis_downtown_airport_to_st_louis_lambert,St. Louis Downtown Airport to St. Louis Lambert,w_0130,0.2,0.0,0.8,0.0,41.68391537561124,16.333913112595056,52,1,dbscan_001,dbscan_001
dbscan_frechet,frechet,stl_st_louis_downtown_airport_to_st_louis_lambert_2026-03-07_0131,st_louis_downtown_airport_to_st_louis_lambert,St. Louis Downtown Airport to St. Louis Lambert,w_0131,0.2,0.1,0.0,0.7,35.06932923764436,33.5779702442284,40,1,dbscan_001,dbscan_001
dbscan_frechet,frechet,stl_st_louis_downtown_airport_to_st_louis_lambert_2026-03-07_0132,st_louis_downtown_airport_to_st_louis_lambert,St. Louis Downtown Airport to St. Louis Lambert,w_0132,0.2,0.1,0.1,0.6,35.06932923764436,31.77938817645317,40,1,dbscan_001,dbscan_001
dbscan_frechet,frechet,stl_st_louis_downtown_airport_to_st_louis_lambert_2026-03-07_0133,st_louis_downtown_airport_to_st_louis_lambert,St. Louis Downtown Airport to St. Louis Lambert,w_0133,0.2,0.1,0.2,0.5,35.0695243590648,29.869505358843515,40,1,dbscan_001,dbscan_001
dbscan_frechet,frechet,stl_st_louis_downtown_airport_to_st_louis_lambert_2026-03-07_0134,st_louis_downtown_airport_to_st_louis_lambert,St. Louis Downtown Airport to St. Louis Lambert,w_0134,0.2,0.1,0.3,0.4,35.0695243590648,27.93207465142101,40,1,dbscan_001,dbscan_001
dbscan_frechet,frechet,stl_st_louis_downtown_airport_to_st_louis_lambert_2026-03-07_0135,st_louis_downtown_airport_to_st_louis_lambert,St. Louis Downtown Airport to St. Louis Lambert,w_0135,0.2,0.1,0.4,0.3,35.44516965599588,25.905380361940374,41,1,dbscan_001,dbscan_001
dbscan_frechet,frechet,stl_st_louis_downtown_airport_to_st_louis_lambert_2026-03-07_0136,st_louis_downtown_airport_to_st_louis_lambert,St. Louis Downtown Airport to St. Louis Lambert,w_0136,0.2,0.1,0.5,0.2,35.44516965599588,23.825042019361867,41,1,dbscan_001,dbscan_001
dbscan_frechet,frechet,stl_st_louis_downtown_airport_to_st_louis_lambert_2026-03-07_0137,st_louis_downtown_airport_to_st_louis_lambert,St. Louis Downtown Airport to St. Louis Lambert,w_0137,0.2,0.1,0.6,0.1,37.845173286320176,21.43429403303472,46,1,dbscan_001,dbscan_001
dbscan_frechet,frechet,stl_st_louis_downtown_airport_to_st_louis_lambert_2026-03-07_0138,st_louis_downtown_airport_to_st_louis_lambert,St. Louis Downtown Airport to St. Louis Lambert,w_0138,0.2,0.1,0.7,0.0,39.87273308745133,18.555231429116606,50,1,dbscan_001,dbscan_001
dbscan_frechet,frechet,stl_st_louis_downtown_airport_to_st_louis_lambert_2026-03-07_0139,st_louis_downtown_airport_to_st_louis_lambert,St. Louis Downtown Airport to St. Louis Lambert,w_0139,0.2,0.2,0.0,0.6,35.06987633323177,32.64173259563728,40,1,dbscan_001,dbscan_001
dbscan_frechet,frechet,stl_st_louis_downtown_airport_to_st_louis_lambert_2026-03-07_0140,st_louis_downtown_airport_to_st_louis_lambert,St. Louis Downtown Airport to St. Louis Lambert,w_0140,0.2,0.2,0.1,0.5,35.0695243590648,30.79204694457953,40,1,dbscan_001,dbscan_001
dbscan_frechet,frechet,stl_st_louis_downtown_airport_to_st_louis_lambert_2026-03-07_0141,st_louis_downtown_airport_to_st_louis_lambert,St. Louis Downtown Airport to St. Louis Lambert,w_0141,0.2,0.2,0.2,0.4,35.0695243590648,28.85461623715703,40,1,dbscan_001,dbscan_001
dbscan_frechet,frechet,stl_st_louis_downtown_airport_to_st_louis_lambert_2026-03-07_0142,st_louis_downtown_airport_to_st_louis_lambert,St. Louis Downtown Airport to St. Louis Lambert,w_0142,0.2,0.2,0.3,0.3,35.44516965599588,26.890512153004067,41,1,dbscan_001,dbscan_001
dbscan_frechet,frechet,stl_st_louis_downtown_airport_to_st_louis_lambert_2026-03-07_0143,st_louis_downtown_airport_to_st_louis_lambert,St. Louis Downtown Airport to St. Louis Lambert,w_0143,0.2,0.2,0.4,0.2,35.44516965599588,24.81017381042556,41,1,dbscan_001,dbscan_001
dbscan_frechet,frechet,stl_st_louis_downtown_airport_to_st_louis_lambert_2026-03-07_0144,st_louis_downtown_airport_to_st_louis_lambert,St. Louis Downtown Airport to St. Louis Lambert,w_0144,0.2,0.2,0.5,0.1,35.44516965599588,22.72983546784705,41,1,dbscan_001,dbscan_001
dbscan_frechet,frechet,stl_st_louis_downtown_airport_to_st_louis_lambert_2026-03-07_0145,st_louis_downtown_airport_to_st_louis_lambert,St. Louis Downtown Airport to St. Louis Lambert,w_0145,0.2,0.2,0.6,0.0,37.84560087545425,20.347392014335163,46,1,dbscan_001,dbscan_001
dbscan_frechet,frechet,stl_st_louis_downtown_airport_to_st_louis_lambert_2026-03-07_0146,st_louis_downtown_airport_to_st_louis_lambert,St. Louis Downtown Airport to St. Louis Lambert,w_0146,0.2,0.3,0.0,0.5,36.197024617572914,31.361064011450352,43,1,dbscan_001,dbscan_001
dbscan_frechet,frechet,stl_st_louis_downtown_airport_to_st_louis_lambert_2026-03-07_0147,st_louis_downtown_airport_to_st_louis_lambert,St. Louis Downtown Airport to St. Louis Lambert,w_0147,0.2,0.3,0.1,0.4,35.445873467048145,29.70519516337753,41,1,dbscan_001,dbscan_001
dbscan_frechet,frechet,stl_st_louis_downtown_airport_to_st_louis_lambert_2026-03-07_0148,st_louis_downtown_airport_to_st_louis_lambert,St. Louis Downtown Airport to St. Louis Lambert,w_0148,0.2,0.3,0.2,0.3,35.4449746107742,27.81554206082312,41,1,dbscan_001,dbscan_001
dbscan_frechet,frechet,stl_st_louis_downtown_airport_to_st_louis_lambert_2026-03-07_0149,st_louis_downtown_airport_to_st_louis_lambert,St. Louis Downtown Airport to St. Louis Lambert,w_0149,0.2,0.3,0.3,0.2,35.4449746107742,25.772457046341465,41,1,dbscan_001,dbscan_001
dbscan_frechet,frechet,stl_st_louis_downtown_airport_to_st_louis_lambert_2026-03-07_0150,st_louis_downtown_airport_to_st_louis_lambert,St. Louis Downtown Airport to St. Louis Lambert,w_0150,0.2,0.3,0.4,0.1,35.44516965599588,23.714967258910743,41,1,dbscan_001,dbscan_001
dbscan_frechet,frechet,stl_st_louis_downtown_airport_to_st_louis_lambert_2026-03-07_0151,st_louis_downtown_airport_to_st_louis_lambert,St. Louis Downtown Airport to St. Louis Lambert,w_0151,0.2,0.3,0.5,0.0,35.44516965599588,21.63462891633224,41,1,dbscan_001,dbscan_001
dbscan_frechet,frechet,stl_st_louis_downtown_airport_to_st_louis_lambert_2026-03-07_0152,st_louis_downtown_airport_to_st_louis_lambert,St. Louis Downtown Airport to St. Louis Lambert,w_0152,0.2,0.4,0.0,0.4,36.197024617572914,29.45227425353676,43,1,dbscan_001,dbscan_001
dbscan_frechet,frechet,stl_st_louis_downtown_airport_to_st_louis_lambert_2026-03-07_0153,st_louis_downtown_airport_to_st_louis_lambert,St. Louis Downtown Airport to St. Louis Lambert,w_0153,0.2,0.4,0.1,0.3,36.19709159463293,27.958696561482725,43,1,dbscan_001,dbscan_001
dbscan_frechet,frechet,stl_st_louis_downtown_airport_to_st_louis_lambert_2026-03-07_0154,st_louis_downtown_airport_to_st_louis_lambert,St. Louis Downtown Airport to St. Louis Lambert,w_0154,0.2,0.4,0.2,0.2,36.19709159463293,26.465104126911505,43,1,dbscan_001,dbscan_001
dbscan_frechet,frechet,stl_st_louis_downtown_airport_to_st_louis_lambert_2026-03-07_0155,st_louis_downtown_airport_to_st_louis_lambert,St. Louis Downtown Airport to St. Louis Lambert,w_0155,0.2,0.4,0.3,0.1,35.4449746107742,24.6323952923392,41,1,dbscan_001,dbscan_001
dbscan_frechet,frechet,stl_st_louis_downtown_airport_to_st_louis_lambert_2026-03-07_0156,st_louis_downtown_airport_to_st_louis_lambert,St. Louis Downtown Airport to St. Louis Lambert,w_0156,0.2,0.4,0.4,0.0,35.4449746107742,22.58931027785753,41,1,dbscan_001,dbscan_001
dbscan_frechet,frechet,stl_st_louis_downtown_airport_to_st_louis_lambert_2026-03-07_0157,st_louis_downtown_airport_to_st_louis_lambert,St. Louis Downtown Airport to St. Louis Lambert,w_0157,0.2,0.5,0.0,0.3,41.9229869363072,26.99719028319293,54,2,dbscan_002,dbscan_003
dbscan_frechet,frechet,stl_st_louis_downtown_airport_to_st_louis_lambert_2026-03-07_0158,st_louis_downtown_airport_to_st_louis_lambert,St. Louis Downtown Airport to St. Louis Lambert,w_0158,0.2,0.5,0.1,0.2,36.57211296758437,26.036704639076472,44,1,dbscan_001,dbscan_001
dbscan_frechet,frechet,stl_st_louis_downtown_airport_to_st_louis_lambert_2026-03-07_0159,st_louis_downtown_airport_to_st_louis_lambert,St. Louis Downtown Airport to St. Louis Lambert,w_0159,0.2,0.5,0.2,0.1,36.19709159463293,24.55631436899792,43,1,dbscan_001,dbscan_001
dbscan_frechet,frechet,stl_st_louis_downtown_airport_to_st_louis_lambert_2026-03-07_0160,st_louis_downtown_airport_to_st_louis_lambert,St. Louis Downtown Airport to St. Louis Lambert,w_0160,0.2,0.5,0.3,0.0,36.197052438376296,23.03418035418811,43,1,dbscan_001,dbscan_001
dbscan_frechet,frechet,stl_st_louis_downtown_airport_to_st_louis_lambert_2026-03-07_0161,st_louis_downtown_airport_to_st_louis_lambert,St. Louis Downtown Airport to St. Louis Lambert,w_0161,0.2,0.6,0.0,0.2,41.77074742931658,23.44094518026453,55,2,dbscan_002,dbscan_003
dbscan_frechet,frechet,stl_st_louis_downtown_airport_to_st_louis_lambert_2026-03-07_0162,st_louis_downtown_airport_to_st_louis_lambert,St. Louis Downtown Airport to St. Louis Lambert,w_0162,0.2,0.6,0.1,0.1,41.7707608340185,22.694446291272588,55,2,dbscan_002,dbscan_003
dbscan_frechet,frechet,stl_st_louis_downtown_airport_to_st_louis_lambert_2026-03-07_0163,st_louis_downtown_airport_to_st_louis_lambert,St. Louis Downtown Airport to St. Louis Lambert,w_0163,0.2,0.6,0.2,0.0,43.06042067730744,21.79893699214889,57,5,dbscan_005,dbscan_noise_013
dbscan_frechet,frechet,stl_st_louis_downtown_airport_to_st_louis_lambert_2026-03-07_0164,st_louis_downtown_airport_to_st_louis_lambert,St. Louis Downtown Airport to St. Louis Lambert,w_0164,0.2,0.7,0.0,0.1,41.77074742931658,19.788722416017443,55,2,dbscan_002,dbscan_003
dbscan_frechet,frechet,stl_st_louis_downtown_airport_to_st_louis_lambert_2026-03-07_0165,st_louis_downtown_airport_to_st_louis_lambert,St. Louis Downtown Airport to St. Louis Lambert,w_0165,0.2,0.7,0.1,0.0,41.7707608340185,19.04222352702549,55,2,dbscan_002,dbscan_003
dbscan_frechet,frechet,stl_st_louis_downtown_airport_to_st_louis_lambert_2026-03-07_0166,st_louis_downtown_airport_to_st_louis_lambert,St. Louis Downtown Airport to St. Louis Lambert,w_0166,0.2,0.8,0.0,0.0,41.77074742931658,16.13649965177035,55,2,dbscan_002,dbscan_003
dbscan_frechet,frechet,stl_st_louis_downtown_airport_to_st_louis_lambert_2026-03-07_0167,st_louis_downtown_airport_to_st_louis_lambert,St. Louis Downtown Airport to St. Louis Lambert,w_0167,0.25,0.25,0.25,0.25,35.4449746107742,27.59450476853174,41,1,dbscan_001,dbscan_001
dbscan_frechet,frechet,stl_st_louis_downtown_airport_to_st_louis_lambert_2026-03-07_0168,st_louis_downtown_airport_to_st_louis_lambert,St. Louis Downtown Airport to St. Louis Lambert,w_0168,0.3,0.0,0.0,0.7,35.06847425714207,34.95853713153994,40,1,dbscan_001,dbscan_001
dbscan_frechet,frechet,stl_st_louis_downtown_airport_to_st_louis_lambert_2026-03-07_0169,st_louis_downtown_airport_to_st_louis_lambert,St. Louis Downtown Airport to St. Louis Lambert,w_0169,0.3,0.0,0.1,0.6,35.06909548721607,33.15476573061584,40,1,dbscan_001,dbscan_001
dbscan_frechet,frechet,stl_st_louis_downtown_airport_to_st_louis_lambert_2026-03-07_0170,st_louis_downtown_airport_to_st_louis_lambert,St. Louis Downtown Airport to St. Louis Lambert,w_0170,0.3,0.0,0.2,0.5,35.06909548721607,31.35078921853045,40,1,dbscan_001,dbscan_001
dbscan_frechet,frechet,stl_st_louis_downtown_airport_to_st_louis_lambert_2026-03-07_0171,st_louis_downtown_airport_to_st_louis_lambert,St. Louis Downtown Airport to St. Louis Lambert,w_0171,0.3,0.0,0.3,0.4,35.0695243590648,29.42659172079501,40,1,dbscan_001,dbscan_001
dbscan_frechet,frechet,stl_st_louis_downtown_airport_to_st_louis_lambert_2026-03-07_0172,st_louis_downtown_airport_to_st_louis_lambert,St. Louis Downtown Airport to St. Louis Lambert,w_0172,0.3,0.0,0.4,0.3,35.44496799381346,27.33156984752936,41,1,dbscan_001,dbscan_001
dbscan_frechet,frechet,stl_st_louis_downtown_airport_to_st_louis_lambert_2026-03-07_0173,st_louis_downtown_airport_to_st_louis_lambert,St. Louis Downtown Airport to St. Louis Lambert,w_0173,0.3,0.0,0.5,0.2,35.81950888310027,25.173550016778684,42,1,dbscan_001,dbscan_001
dbscan_frechet,frechet,stl_st_louis_downtown_airport_to_st_louis_lambert_2026-03-07_0174,st_louis_downtown_airport_to_st_louis_lambert,St. Louis Downtown Airport to St. Louis Lambert,w_0174,0.3,0.0,0.6,0.1,37.84513438614575,22.86128927738192,46,1,dbscan_001,dbscan_001
dbscan_frechet,frechet,stl_st_louis_downtown_airport_to_st_louis_lambert_2026-03-07_0175,st_louis_downtown_airport_to_st_louis_lambert,St. Louis Downtown Airport to St. Louis Lambert,w_0175,0.3,0.0,0.7,0.0,40.247260459156216,19.90053326376575,51,1,dbscan_001,dbscan_001
dbscan_frechet,frechet,stl_st_louis_downtown_airport_to_st_louis_lambert_2026-03-07_0176,st_louis_downtown_airport_to_st_louis_lambert,St. Louis Downtown Airport to St. Louis Lambert,w_0176,0.3,0.1,0.0,0.6,35.06932923764436,34.09757671754175,40,1,dbscan_001,dbscan_001
dbscan_frechet,frechet,stl_st_louis_downtown_airport_to_st_louis_lambert_2026-03-07_0177,st_louis_downtown_airport_to_st_louis_lambert,St. Louis Downtown Airport to St. Louis Lambert,w_0177,0.3,0.1,0.1,0.5,35.0695243590648,32.28656401395352,40,1,dbscan_001,dbscan_001
dbscan_frechet,frechet,stl_st_louis_downtown_airport_to_st_louis_lambert_2026-03-07_0178,st_louis_downtown_airport_to_st_louis_lambert,St. Louis Downtown Airport to St. Louis Lambert,w_0178,0.3,0.1,0.2,0.4,35.0695243590648,30.349133306531023,40,1,dbscan_001,dbscan_001
dbscan_frechet,frechet,stl_st_louis_downtown_airport_to_st_louis_lambert_2026-03-07_0179,st_louis_downtown_airport_to_st_louis_lambert,St. Louis Downtown Airport to St. Louis Lambert,w_0179,0.3,0.1,0.3,0.3,35.0695243590648,28.411702599108523,40,1,dbscan_001,dbscan_001
dbscan_frechet,frechet,stl_st_louis_downtown_airport_to_st_louis_lambert_2026-03-07_0180,st_louis_downtown_airport_to_st_louis_lambert,St. Louis Downtown Airport to St. Louis Lambert,w_0180,0.3,0.1,0.4,0.2,35.44516965599588,26.366350503824982,41,1,dbscan_001,dbscan_001
dbscan_frechet,frechet,stl_st_louis_downtown_airport_to_st_louis_lambert_2026-03-07_0181,st_louis_downtown_airport_to_st_louis_lambert,St. Louis Downtown Airport to St. Louis Lambert,w_0181,0.3,0.1,0.5,0.1,35.81950888310027,24.28300627244409,42,1,dbscan_001,dbscan_001
dbscan_frechet,frechet,stl_st_louis_downtown_airport_to_st_louis_lambert_2026-03-07_0182,st_louis_downtown_airport_to_st_louis_lambert,St. Louis Downtown Airport to St. Louis Lambert,w_0182,0.3,0.1,0.6,0.0,37.845173286320176,21.819400095079217,46,1,dbscan_001,dbscan_001
dbscan_frechet,frechet,stl_st_louis_downtown_airport_to_st_louis_lambert_2026-03-07_0183,st_louis_downtown_airport_to_st_louis_lambert,St. Louis Downtown Airport to St. Louis Lambert,w_0183,0.3,0.2,0.0,0.5,35.06987633323177,33.12139928035805,40,1,dbscan_001,dbscan_001
dbscan_frechet,frechet,stl_st_louis_downtown_airport_to_st_louis_lambert_2026-03-07_0184,st_louis_downtown_airport_to_st_louis_lambert,St. Louis Downtown Airport to St. Louis Lambert,w_0184,0.3,0.2,0.1,0.4,35.0695243590648,31.27167489226704,40,1,dbscan_001,dbscan_001
dbscan_frechet,frechet,stl_st_louis_downtown_airport_to_st_louis_lambert_2026-03-07_0185,st_louis_downtown_airport_to_st_louis_lambert,St. Louis Downtown Airport to St. Louis Lambert,w_0185,0.3,0.2,0.2,0.3,35.0695243590648,29.33424418484453,40,1,dbscan_001,dbscan_001
dbscan_frechet,frechet,stl_st_louis_downtown_airport_to_st_louis_lambert_2026-03-07_0186,st_louis_downtown_airport_to_st_louis_lambert,St. Louis Downtown Airport to St. Louis Lambert,w_0186,0.3,0.2,0.3,0.2,35.44516965599588,27.35148229488868,41,1,dbscan_001,dbscan_001
dbscan_frechet,frechet,stl_st_louis_downtown_airport_to_st_louis_lambert_2026-03-07_0187,st_louis_downtown_airport_to_st_louis_lambert,St. Louis Downtown Airport to St. Louis Lambert,w_0187,0.3,0.2,0.4,0.1,35.44516965599588,25.27114395231017,41,1,dbscan_001,dbscan_001
dbscan_frechet,frechet,stl_st_louis_downtown_airport_to_st_louis_lambert_2026-03-07_0188,st_louis_downtown_airport_to_st_louis_lambert,St. Louis Downtown Airport to St. Louis Lambert,w_0188,0.3,0.2,0.5,0.0,35.44516965599588,23.19080560973165,41,1,dbscan_001,dbscan_001
dbscan_frechet,frechet,stl_st_louis_downtown_airport_to_st_louis_lambert_2026-03-07_0189,st_louis_downtown_airport_to_st_louis_lambert,St. Louis Downtown Airport to St. Louis Lambert,w_0189,0.3,0.3,0.0,0.4,36.197024617572914,31.70478065404592,43,1,dbscan_001,dbscan_001
dbscan_frechet,frechet,stl_st_louis_downtown_airport_to_st_louis_lambert_2026-03-07_0190,st_louis_downtown_airport_to_st_louis_lambert,St. Louis Downtown Airport to St. Louis Lambert,w_0190,0.3,0.3,0.1,0.3,35.445873467048145,30.166242764219938,41,1,dbscan_001,dbscan_001
dbscan_frechet,frechet,stl_st_louis_downtown_airport_to_st_louis_lambert_2026-03-07_0191,st_louis_downtown_airport_to_st_louis_lambert,St. Louis Downtown Airport to St. Louis Lambert,w_0191,0.3,0.3,0.2,0.2,35.4449746107742,28.276490736719744,41,1,dbscan_001,dbscan_001
dbscan_frechet,frechet,stl_st_louis_downtown_airport_to_st_louis_lambert_2026-03-07_0192,st_louis_downtown_airport_to_st_louis_lambert,St. Louis Downtown Airport to St. Louis Lambert,w_0192,0.3,0.3,0.3,0.1,35.4449746107742,26.23340572223809,41,1,dbscan_001,dbscan_001
dbscan_frechet,frechet,stl_st_louis_downtown_airport_to_st_louis_lambert_2026-03-07_0193,st_louis_downtown_airport_to_st_louis_lambert,St. Louis Downtown Airport to St. Louis Lambert,w_0193,0.3,0.3,0.4,0.0,35.44516965599588,24.175937400795352,41,1,dbscan_001,dbscan_001
dbscan_frechet,frechet,stl_st_louis_downtown_airport_to_st_louis_lambert_2026-03-07_0194,st_louis_downtown_airport_to_st_louis_lambert,St. Louis Downtown Airport to St. Louis Lambert,w_0194,0.3,0.4,0.0,0.3,36.197024617572914,29.795990896132324,43,1,dbscan_001,dbscan_001
dbscan_frechet,frechet,stl_st_louis_downtown_airport_to_st_louis_lambert_2026-03-07_0195,st_louis_downtown_airport_to_st_louis_lambert,St. Louis Downtown Airport to St. Louis Lambert,w_0195,0.3,0.4,0.1,0.2,36.19709159463293,28.30242057533688,43,1,dbscan_001,dbscan_001
dbscan_frechet,frechet,stl_st_louis_downtown_airport_to_st_louis_lambert_2026-03-07_0196,st_louis_downtown_airport_to_st_louis_lambert,St. Louis Downtown Airport to St. Louis Lambert,w_0196,0.3,0.4,0.2,0.1,36.19709159463293,26.80882814076566,43,1,dbscan_001,dbscan_001
dbscan_frechet,frechet,stl_st_louis_downtown_airport_to_st_louis_lambert_2026-03-07_0197,st_louis_downtown_airport_to_st_louis_lambert,St. Louis Downtown Airport to St. Louis Lambert,w_0197,0.3,0.4,0.3,0.0,35.4449746107742,25.09334396823581,41,1,dbscan_001,dbscan_001
dbscan_frechet,frechet,stl_st_louis_downtown_airport_to_st_louis_lambert_2026-03-07_0198,st_louis_downtown_airport_to_st_louis_lambert,St. Louis Downtown Airport to St. Louis Lambert,w_0198,0.3,0.5,0.0,0.2,41.395240995826775,27.096840547402863,54,2,dbscan_002,dbscan_003
dbscan_frechet,frechet,stl_st_louis_downtown_airport_to_st_louis_lambert_2026-03-07_0199,st_louis_downtown_airport_to_st_louis_lambert,St. Louis Downtown Airport to St. Louis Lambert,w_0199,0.3,0.5,0.1,0.1,36.57211296758437,26.321702180258903,44,1,dbscan_001,dbscan_001
dbscan_frechet,frechet,stl_st_louis_downtown_airport_to_st_louis_lambert_2026-03-07_0200,st_louis_downtown_airport_to_st_louis_lambert,St. Louis Downtown Airport to St. Louis Lambert,w_0200,0.3,0.5,0.2,0.0,36.57211296758437,24.88694121610289,44,1,dbscan_001,dbscan_001
dbscan_frechet,frechet,stl_st_louis_downtown_airport_to_st_louis_lambert_2026-03-07_0201,st_louis_downtown_airport_to_st_louis_lambert,St. Louis Downtown Airport to St. Louis Lambert,w_0201,0.3,0.6,0.0,0.1,41.77074742931658,23.51808606313807,55,2,dbscan_002,dbscan_003
dbscan_frechet,frechet,stl_st_louis_downtown_airport_to_st_louis_lambert_2026-03-07_0202,st_louis_downtown_airport_to_st_louis_lambert,St. Louis Downtown Airport to St. Louis Lambert,w_0202,0.3,0.6,0.1,0.0,41.7707608340185,22.771588649420256,55,2,dbscan_002,dbscan_003
dbscan_frechet,frechet,stl_st_louis_downtown_airport_to_st_louis_lambert_2026-03-07_0203,st_louis_downtown_airport_to_st_louis_lambert,St. Louis Downtown Airport to St. Louis Lambert,w_0203,0.3,0.7,0.0,0.0,41.77074742931658,19.86586329889098,55,2,dbscan_002,dbscan_003
dbscan_frechet,frechet,stl_st_louis_downtown_airport_to_st_louis_lambert_2026-03-07_0204,st_louis_downtown_airport_to_st_louis_lambert,St. Louis Downtown Airport to St. Louis Lambert,w_0204,0.4,0.0,0.0,0.6,35.06847425714207,35.47804950871992,40,1,dbscan_001,dbscan_001
dbscan_frechet,frechet,stl_st_louis_downtown_airport_to_st_louis_lambert_2026-03-07_0205,st_louis_downtown_airport_to_st_louis_lambert,St. Louis Downtown Airport to St. Louis Lambert,w_0205,0.4,0.0,0.1,0.5,35.06909548721607,33.674346478182905,40,1,dbscan_001,dbscan_001
dbscan_frechet,frechet,stl_st_louis_downtown_airport_to_st_louis_lambert_2026-03-07_0206,st_louis_downtown_airport_to_st_louis_lambert,St. Louis Downtown Airport to St. Louis Lambert,w_0206,0.4,0.0,0.2,0.4,35.0695243590648,31.843650375905018,40,1,dbscan_001,dbscan_001
dbscan_frechet,frechet,stl_st_louis_downtown_airport_to_st_louis_lambert_2026-03-07_0207,st_louis_downtown_airport_to_st_louis_lambert,St. Louis Downtown Airport to St. Louis Lambert,w_0207,0.4,0.0,0.3,0.3,35.44496799381346,29.905336294047306,41,1,dbscan_001,dbscan_001
dbscan_frechet,frechet,stl_st_louis_downtown_airport_to_st_louis_lambert_2026-03-07_0208,st_louis_downtown_airport_to_st_louis_lambert,St. Louis Downtown Airport to St. Louis Lambert,w_0208,0.4,0.0,0.4,0.2,35.44496799381346,27.792517795186665,41,1,dbscan_001,dbscan_001
dbscan_frechet,frechet,stl_st_louis_downtown_airport_to_st_louis_lambert_2026-03-07_0209,st_louis_downtown_airport_to_st_louis_lambert,St. Louis Downtown Airport to St. Louis Lambert,w_0209,0.4,0.0,0.5,0.1,35.81950888310027,25.61571861142972,42,1,dbscan_001,dbscan_001
dbscan_frechet,frechet,stl_st_louis_downtown_airport_to_st_louis_lambert_2026-03-07_0210,st_louis_downtown_airport_to_st_louis_lambert,St. Louis Downtown Airport to St. Louis Lambert,w_0210,0.4,0.0,0.6,0.0,37.84507993498278,23.24115450879878,46,1,dbscan_001,dbscan_001
dbscan_frechet,frechet,stl_st_louis_downtown_airport_to_st_louis_lambert_2026-03-07_0211,st_louis_downtown_airport_to_st_louis_lambert,St. Louis Downtown Airport to St. Louis Lambert,w_0211,0.4,0.1,0.0,0.5,35.06932923764436,34.6171831908551,40,1,dbscan_001,dbscan_001
dbscan_frechet,frechet,stl_st_louis_downtown_airport_to_st_louis_lambert_2026-03-07_0212,st_louis_downtown_airport_to_st_louis_lambert,St. Louis Downtown Airport to St. Louis Lambert,w_0212,0.4,0.1,0.1,0.4,35.0695243590648,32.76619196164103,40,1,dbscan_001,dbscan_001
dbscan_frechet,frechet,stl_st_louis_downtown_airport_to_st_louis_lambert_2026-03-07_0213,st_louis_downtown_airport_to_st_louis_lambert,St. Louis Downtown Airport to St. Louis Lambert,w_0213,0.4,0.1,0.2,0.3,35.0695243590648,30.828761254218527,40,1,dbscan_001,dbscan_001
dbscan_frechet,frechet,stl_st_louis_downtown_airport_to_st_louis_lambert_2026-03-07_0214,st_louis_downtown_airport_to_st_louis_lambert,St. Louis Downtown Airport to St. Louis Lambert,w_0214,0.4,0.1,0.3,0.2,35.0695243590648,28.891330546796027,40,1,dbscan_001,dbscan_001
dbscan_frechet,frechet,stl_st_louis_downtown_airport_to_st_louis_lambert_2026-03-07_0215,st_louis_downtown_airport_to_st_louis_lambert,St. Louis Downtown Airport to St. Louis Lambert,w_0215,0.4,0.1,0.4,0.1,35.44516965599588,26.8273206457096,41,1,dbscan_001,dbscan_001
dbscan_frechet,frechet,stl_st_louis_downtown_airport_to_st_louis_lambert_2026-03-07_0216,st_louis_downtown_airport_to_st_louis_lambert,St. Louis Downtown Airport to St. Louis Lambert,w_0216,0.4,0.1,0.5,0.0,35.81950888310027,24.725174867095124,42,1,dbscan_001,dbscan_001
dbscan_frechet,frechet,stl_st_louis_downtown_airport_to_st_louis_lambert_2026-03-07_0217,st_louis_downtown_airport_to_st_louis_lambert,St. Louis Downtown Airport to St. Louis Lambert,w_0217,0.4,0.2,0.0,0.4,35.06987633323177,33.60106596507882,40,1,dbscan_001,dbscan_001
dbscan_frechet,frechet,stl_st_louis_downtown_airport_to_st_louis_lambert_2026-03-07_0218,st_louis_downtown_airport_to_st_louis_lambert,St. Louis Downtown Airport to St. Louis Lambert,w_0218,0.4,0.2,0.1,0.3,35.0695243590648,31.75130283995454,40,1,dbscan_001,dbscan_001
dbscan_frechet,frechet,stl_st_louis_downtown_airport_to_st_louis_lambert_2026-03-07_0219,st_louis_downtown_airport_to_st_louis_lambert,St. Louis Downtown Airport to St. Louis Lambert,w_0219,0.4,0.2,0.2,0.2,35.0695243590648,29.81387213253204,40,1,dbscan_001,dbscan_001
dbscan_frechet,frechet,stl_st_louis_downtown_airport_to_st_louis_lambert_2026-03-07_0220,st_louis_downtown_airport_to_st_louis_lambert,St. Louis Downtown Airport to St. Louis Lambert,w_0220,0.4,0.2,0.3,0.1,35.44516965599588,27.812452436773288,41,1,dbscan_001,dbscan_001
dbscan_frechet,frechet,stl_st_louis_downtown_airport_to_st_louis_lambert_2026-03-07_0221,st_louis_downtown_airport_to_st_louis_lambert,St. Louis Downtown Airport to St. Louis Lambert,w_0221,0.4,0.2,0.4,0.0,35.44516965599588,25.73211409419478,41,1,dbscan_001,dbscan_001
dbscan_frechet,frechet,stl_st_louis_downtown_airport_to_st_louis_lambert_2026-03-07_0222,st_louis_downtown_airport_to_st_louis_lambert,St. Louis Downtown Airport to St. Louis Lambert,w_0222,0.4,0.3,0.0,0.3,36.197024617572914,32.048497296641486,43,1,dbscan_001,dbscan_001
dbscan_frechet,frechet,stl_st_louis_downtown_airport_to_st_louis_lambert_2026-03-07_0223,st_louis_downtown_airport_to_st_louis_lambert,St. Louis Downtown Airport to St. Louis Lambert,w_0223,0.4,0.3,0.1,0.2,36.19709159463293,30.55493434710463,43,1,dbscan_001,dbscan_001
dbscan_frechet,frechet,stl_st_louis_downtown_airport_to_st_louis_lambert_2026-03-07_0224,st_louis_downtown_airport_to_st_louis_lambert,St. Louis Downtown Airport to St. Louis Lambert,w_0224,0.4,0.3,0.2,0.1,35.4449746107742,28.737439412616364,41,1,dbscan_001,dbscan_001
dbscan_frechet,frechet,stl_st_louis_downtown_airport_to_st_louis_lambert_2026-03-07_0225,st_louis_downtown_airport_to_st_louis_lambert,St. Louis Downtown Airport to St. Louis Lambert,w_0225,0.4,0.3,0.3,0.0,35.4449746107742,26.694354398134703,41,1,dbscan_001,dbscan_001
dbscan_frechet,frechet,stl_st_louis_downtown_airport_to_st_louis_lambert_2026-03-07_0226,st_louis_downtown_airport_to_st_louis_lambert,St. Louis Downtown Airport to St. Louis Lambert,w_0226,0.4,0.4,0.0,0.2,36.197024617572914,30.13970753872789,43,1,dbscan_001,dbscan_001
dbscan_frechet,frechet,stl_st_louis_downtown_airport_to_st_louis_lambert_2026-03-07_0227,st_louis_downtown_airport_to_st_louis_lambert,St. Louis Downtown Airport to St. Louis Lambert,w_0227,0.4,0.4,0.1,0.1,36.19709159463293,28.646144589191035,43,1,dbscan_001,dbscan_001
dbscan_frechet,frechet,stl_st_louis_downtown_airport_to_st_louis_lambert_2026-03-07_0228,st_louis_downtown_airport_to_st_louis_lambert,St. Louis Downtown Airport to St. Louis Lambert,w_0228,0.4,0.4,0.2,0.0,36.19709159463293,27.152552154619816,43,1,dbscan_001,dbscan_001
dbscan_frechet,frechet,stl_st_louis_downtown_airport_to_st_louis_lambert_2026-03-07_0229,st_louis_downtown_airport_to_st_louis_lambert,St. Louis Downtown Airport to St. Louis Lambert,w_0229,0.4,0.5,0.0,0.1,40.86156395761667,27.16346527897982,54,2,dbscan_002,dbscan_003
dbscan_frechet,frechet,stl_st_louis_downtown_airport_to_st_louis_lambert_2026-03-07_0230,st_louis_downtown_airport_to_st_louis_lambert,St. Louis Downtown Airport to St. Louis Lambert,w_0230,0.4,0.5,0.1,0.0,41.23669349461536,26.46434004382744,55,2,dbscan_002,dbscan_003
dbscan_frechet,frechet,stl_st_louis_downtown_airport_to_st_louis_lambert_2026-03-07_0231,st_louis_downtown_airport_to_st_louis_lambert,St. Louis Downtown Airport to St. Louis Lambert,w_0231,0.4,0.6,0.0,0.0,41.77074742931658,23.595226946011607,55,2,dbscan_002,dbscan_003
dbscan_frechet,frechet,stl_st_louis_downtown_airport_to_st_louis_lambert_2026-03-07_0232,st_louis_downtown_airport_to_st_louis_lambert,St. Louis Downtown Airport to St. Louis Lambert,w_0232,0.5,0.0,0.0,0.5,35.06847425714207,35.9975618858999,40,1,dbscan_001,dbscan_001
dbscan_frechet,frechet,stl_st_louis_downtown_airport_to_st_louis_lambert_2026-03-07_0233,st_louis_downtown_airport_to_st_louis_lambert,St. Louis Downtown Airport to St. Louis Lambert,w_0233,0.5,0.0,0.1,0.4,35.06909548721607,34.193927225749974,40,1,dbscan_001,dbscan_001
dbscan_frechet,frechet,stl_st_louis_downtown_airport_to_st_louis_lambert_2026-03-07_0234,st_louis_downtown_airport_to_st_louis_lambert,St. Louis Downtown Airport to St. Louis Lambert,w_0234,0.5,0.0,0.2,0.3,35.0695243590648,32.323278323592525,40,1,dbscan_001,dbscan_001
dbscan_frechet,frechet,stl_st_louis_downtown_airport_to_st_louis_lambert_2026-03-07_0235,st_louis_downtown_airport_to_st_louis_lambert,St. Louis Downtown Airport to St. Louis Lambert,w_0235,0.5,0.0,0.3,0.2,35.44496799381346,30.3662842417046,41,1,dbscan_001,dbscan_001
dbscan_frechet,frechet,stl_st_louis_downtown_airport_to_st_louis_lambert_2026-03-07_0236,st_louis_downtown_airport_to_st_louis_lambert,St. Louis Downtown Airport to St. Louis Lambert,w_0236,0.5,0.0,0.4,0.1,35.44496799381346,28.253465742843964,41,1,dbscan_001,dbscan_001
dbscan_frechet,frechet,stl_st_louis_downtown_airport_to_st_louis_lambert_2026-03-07_0237,st_louis_downtown_airport_to_st_louis_lambert,St. Louis Downtown Airport to St. Louis Lambert,w_0237,0.5,0.0,0.5,0.0,35.81950888310027,26.05788720608076,42,1,dbscan_001,dbscan_001
dbscan_frechet,frechet,stl_st_louis_downtown_airport_to_st_louis_lambert_2026-03-07_0238,st_louis_downtown_airport_to_st_louis_lambert,St. Louis Downtown Airport to St. Louis Lambert,w_0238,0.5,0.1,0.0,0.4,35.06932923764436,35.136789664168454,40,1,dbscan_001,dbscan_001
dbscan_frechet,frechet,stl_st_louis_downtown_airport_to_st_louis_lambert_2026-03-07_0239,st_louis_downtown_airport_to_st_louis_lambert,St. Louis Downtown Airport to St. Louis Lambert,w_0239,0.5,0.1,0.1,0.3,35.0695243590648,33.24581990932853,40,1,dbscan_001,dbscan_001
dbscan_frechet,frechet,stl_st_louis_downtown_airport_to_st_louis_lambert_2026-03-07_0240,st_louis_downtown_airport_to_st_louis_lambert,St. Louis Downtown Airport to St. Louis Lambert,w_0240,0.5,0.1,0.2,0.2,35.0695243590648,31.30838920190603,40,1,dbscan_001,dbscan_001
dbscan_frechet,frechet,stl_st_louis_downtown_airport_to_st_louis_lambert_2026-03-07_0241,st_louis_downtown_airport_to_st_louis_lambert,St. Louis Downtown Airport to St. Louis Lambert,w_0241,0.5,0.1,0.3,0.1,35.44516965599588,29.36862913017272,41,1,dbscan_001,dbscan_001
dbscan_frechet,frechet,stl_st_louis_downtown_airport_to_st_louis_lambert_2026-03-07_0242,st_louis_downtown_airport_to_st_louis_lambert,St. Louis Downtown Airport to St. Louis Lambert,w_0242,0.5,0.1,0.4,0.0,35.44516965599588,27.288290787594207,41,1,dbscan_001,dbscan_001
dbscan_frechet,frechet,stl_st_louis_downtown_airport_to_st_louis_lambert_2026-03-07_0243,st_louis_downtown_airport_to_st_louis_lambert,St. Louis Downtown Airport to St. Louis Lambert,w_0243,0.5,0.2,0.0,0.3,35.44580648998812,34.07490917421423,41,1,dbscan_001,dbscan_001
dbscan_frechet,frechet,stl_st_louis_downtown_airport_to_st_louis_lambert_2026-03-07_0244,st_louis_downtown_airport_to_st_louis_lambert,St. Louis Downtown Airport to St. Louis Lambert,w_0244,0.5,0.2,0.1,0.2,35.0695243590648,32.230930787642045,40,1,dbscan_001,dbscan_001
dbscan_frechet,frechet,stl_st_louis_downtown_airport_to_st_louis_lambert_2026-03-07_0245,st_louis_downtown_airport_to_st_louis_lambert,St. Louis Downtown Airport to St. Louis Lambert,w_0245,0.5,0.2,0.2,0.1,35.0695243590648,30.29350008021954,40,1,dbscan_001,dbscan_001
dbscan_frechet,frechet,stl_st_louis_downtown_airport_to_st_louis_lambert_2026-03-07_0246,st_louis_downtown_airport_to_st_louis_lambert,St. Louis Downtown Airport to St. Louis Lambert,w_0246,0.5,0.2,0.3,0.0,35.44516965599588,28.2734225786579,41,1,dbscan_001,dbscan_001
dbscan_frechet,frechet,stl_st_louis_downtown_airport_to_st_louis_lambert_2026-03-07_0247,st_louis_downtown_airport_to_st_louis_lambert,St. Louis Downtown Airport to St. Louis Lambert,w_0247,0.5,0.3,0.0,0.2,36.197024617572914,32.392213939237045,43,1,dbscan_001,dbscan_001
dbscan_frechet,frechet,stl_st_louis_downtown_airport_to_st_louis_lambert_2026-03-07_0248,st_louis_downtown_airport_to_st_louis_lambert,St. Louis Downtown Airport to St. Louis Lambert,w_0248,0.5,0.3,0.1,0.1,36.19709159463293,30.898658360958787,43,1,dbscan_001,dbscan_001
dbscan_frechet,frechet,stl_st_louis_downtown_airport_to_st_louis_lambert_2026-03-07_0249,st_louis_downtown_airport_to_st_louis_lambert,St. Louis Downtown Airport to St. Louis Lambert,w_0249,0.5,0.3,0.2,0.0,35.4449746107742,29.19838808851298,41,1,dbscan_001,dbscan_001
dbscan_frechet,frechet,stl_st_louis_downtown_airport_to_st_louis_lambert_2026-03-07_0250,st_louis_downtown_airport_to_st_louis_lambert,St. Louis Downtown Airport to St. Louis Lambert,w_0250,0.5,0.4,0.0,0.1,36.57204599052436,30.4261272663133,44,1,dbscan_001,dbscan_001
dbscan_frechet,frechet,stl_st_louis_downtown_airport_to_st_louis_lambert_2026-03-07_0251,st_louis_downtown_airport_to_st_louis_lambert,St. Louis Downtown Airport to St. Louis Lambert,w_0251,0.5,0.4,0.1,0.0,36.19709159463293,28.989868603045192,43,1,dbscan_001,dbscan_001
dbscan_frechet,frechet,stl_st_louis_downtown_airport_to_st_louis_lambert_2026-03-07_0252,st_louis_downtown_airport_to_st_louis_lambert,St. Louis Downtown Airport to St. Louis Lambert,w_0252,0.5,0.5,0.0,0.0,40.86156395761667,27.20054464117176,54,2,dbscan_002,dbscan_003
dbscan_frechet,frechet,stl_st_louis_downtown_airport_to_st_louis_lambert_2026-03-07_0253,st_louis_downtown_airport_to_st_louis_lambert,St. Louis Downtown Airport to St. Louis Lambert,w_0253,0.6,0.0,0.0,0.4,35.06847425714207,36.51707426307988,40,1,dbscan_001,dbscan_001
dbscan_frechet,frechet,stl_st_louis_downtown_airport_to_st_louis_lambert_2026-03-07_0254,st_louis_downtown_airport_to_st_louis_lambert,St. Louis Downtown Airport to St. Louis Lambert,w_0254,0.6,0.0,0.1,0.3,35.06909548721607,34.71350797331704,40,1,dbscan_001,dbscan_001
dbscan_frechet,frechet,stl_st_louis_downtown_airport_to_st_louis_lambert_2026-03-07_0255,st_louis_downtown_airport_to_st_louis_lambert,St. Louis Downtown Airport to St. Louis Lambert,w_0255,0.6,0.0,0.2,0.2,35.0695243590648,32.80290627128003,40,1,dbscan_001,dbscan_001
dbscan_frechet,frechet,stl_st_louis_downtown_airport_to_st_louis_lambert_2026-03-07_0256,st_louis_downtown_airport_to_st_louis_lambert,St. Louis Downtown Airport to St. Louis Lambert,w_0256,0.6,0.0,0.3,0.1,35.44496799381346,30.8272321893619,41,1,dbscan_001,dbscan_001
dbscan_frechet,frechet,stl_st_louis_downtown_airport_to_st_louis_lambert_2026-03-07_0257,st_louis_downtown_airport_to_st_louis_lambert,St. Louis Downtown Airport to St. Louis Lambert,w_0257,0.6,0.0,0.4,0.0,35.44496799381346,28.714413690501264,41,1,dbscan_001,dbscan_001
dbscan_frechet,frechet,stl_st_louis_downtown_airport_to_st_louis_lambert_2026-03-07_0258,st_louis_downtown_airport_to_st_louis_lambert,St. Louis Downtown Airport to St. Louis Lambert,w_0258,0.6,0.1,0.0,0.3,35.06987633323177,35.61919972142248,40,1,dbscan_001,dbscan_001
dbscan_frechet,frechet,stl_st_louis_downtown_airport_to_st_louis_lambert_2026-03-07_0259,st_louis_downtown_airport_to_st_louis_lambert,St. Louis Downtown Airport to St. Louis Lambert,w_0259,0.6,0.1,0.1,0.2,35.0695243590648,33.72544785701604,40,1,dbscan_001,dbscan_001
dbscan_frechet,frechet,stl_st_louis_downtown_airport_to_st_louis_lambert_2026-03-07_0260,st_louis_downtown_airport_to_st_louis_lambert,St. Louis Downtown Airport to St. Louis Lambert,w_0260,0.6,0.1,0.2,0.1,35.0695243590648,31.788017149593536,40,1,dbscan_001,dbscan_001
dbscan_frechet,frechet,stl_st_louis_downtown_airport_to_st_louis_lambert_2026-03-07_0261,st_louis_downtown_airport_to_st_louis_lambert,St. Louis Downtown Airport to St. Louis Lambert,w_0261,0.6,0.1,0.3,0.0,35.44516965599588,29.82959927205732,41,1,dbscan_001,dbscan_001
dbscan_frechet,frechet,stl_st_louis_downtown_airport_to_st_louis_lambert_2026-03-07_0262,st_louis_downtown_airport_to_st_louis_lambert,St. Louis Downtown Airport to St. Louis Lambert,w_0262,0.6,0.2,0.0,0.2,35.44580648998812,34.53594940379804,41,1,dbscan_001,dbscan_001
dbscan_frechet,frechet,stl_st_louis_downtown_airport_to_st_louis_lambert_2026-03-07_0263,st_louis_downtown_airport_to_st_louis_lambert,St. Louis Downtown Airport to St. Louis Lambert,w_0263,0.6,0.2,0.1,0.1,35.0695243590648,32.71055873532955,40,1,dbscan_001,dbscan_001
dbscan_frechet,frechet,stl_st_louis_downtown_airport_to_st_louis_lambert_2026-03-07_0264,st_louis_downtown_airport_to_st_louis_lambert,St. Louis Downtown Airport to St. Louis Lambert,w_0264,0.6,0.2,0.2,0.0,35.0695243590648,30.77312802790705,40,1,dbscan_001,dbscan_001
dbscan_frechet,frechet,stl_st_louis_downtown_airport_to_st_louis_lambert_2026-03-07_0265,st_louis_downtown_airport_to_st_louis_lambert,St. Louis Downtown Airport to St. Louis Lambert,w_0265,0.6,0.3,0.0,0.1,36.197024617572914,32.73593058183261,43,1,dbscan_001,dbscan_001
dbscan_frechet,frechet,stl_st_louis_downtown_airport_to_st_louis_lambert_2026-03-07_0266,st_louis_downtown_airport_to_st_louis_lambert,St. Louis Downtown Airport to St. Louis Lambert,w_0266,0.6,0.3,0.1,0.0,36.19709159463293,31.242382374812937,43,1,dbscan_001,dbscan_001
dbscan_frechet,frechet,stl_st_louis_downtown_airport_to_st_louis_lambert_2026-03-07_0267,st_louis_downtown_airport_to_st_louis_lambert,St. Louis Downtown Airport to St. Louis Lambert,w_0267,0.6,0.4,0.0,0.0,40.32796740734455,30.66667456154385,54,2,dbscan_002,dbscan_003
dbscan_frechet,frechet,stl_st_louis_downtown_airport_to_st_louis_lambert_2026-03-07_0268,st_louis_downtown_airport_to_st_louis_lambert,St. Louis Downtown Airport to St. Louis Lambert,w_0268,0.7,0.0,0.0,0.3,35.06847425714207,37.036586640259856,40,1,dbscan_001,dbscan_001
dbscan_frechet,frechet,stl_st_louis_downtown_airport_to_st_louis_lambert_2026-03-07_0269,st_louis_downtown_airport_to_st_louis_lambert,St. Louis Downtown Airport to St. Louis Lambert,w_0269,0.7,0.0,0.1,0.2,35.0695243590648,35.219964926390034,40,1,dbscan_001,dbscan_001
dbscan_frechet,frechet,stl_st_louis_downtown_airport_to_st_louis_lambert_2026-03-07_0270,st_louis_downtown_airport_to_st_louis_lambert,St. Louis Downtown Airport to St. Louis Lambert,w_0270,0.7,0.0,0.2,0.1,35.0695243590648,33.282534218967534,40,1,dbscan_001,dbscan_001
dbscan_frechet,frechet,stl_st_louis_downtown_airport_to_st_louis_lambert_2026-03-07_0271,st_louis_downtown_airport_to_st_louis_lambert,St. Louis Downtown Airport to St. Louis Lambert,w_0271,0.7,0.0,0.3,0.0,35.44496799381346,31.2881801370192,41,1,dbscan_001,dbscan_001
dbscan_frechet,frechet,stl_st_louis_downtown_airport_to_st_louis_lambert_2026-03-07_0272,st_louis_downtown_airport_to_st_louis_lambert,St. Louis Downtown Airport to St. Louis Lambert,w_0272,0.7,0.1,0.0,0.2,35.06987633323177,36.09886640614325,40,1,dbscan_001,dbscan_001
dbscan_frechet,frechet,stl_st_louis_downtown_airport_to_st_louis_lambert_2026-03-07_0273,st_louis_downtown_airport_to_st_louis_lambert,St. Louis Downtown Airport to St. Louis Lambert,w_0273,0.7,0.1,0.1,0.1,35.0695243590648,34.20507580470355,40,1,dbscan_001,dbscan_001
dbscan_frechet,frechet,stl_st_louis_downtown_airport_to_st_louis_lambert_2026-03-07_0274,st_louis_downtown_airport_to_st_louis_lambert,St. Louis Downtown Airport to St. Louis Lambert,w_0274,0.7,0.1,0.2,0.0,35.0695243590648,32.26764509728104,40,1,dbscan_001,dbscan_001
dbscan_frechet,frechet,stl_st_louis_downtown_airport_to_st_louis_lambert_2026-03-07_0275,st_louis_downtown_airport_to_st_louis_lambert,St. Louis Downtown Airport to St. Louis Lambert,w_0275,0.7,0.2,0.0,0.1,36.197024617572914,34.98843698234177,43,1,dbscan_001,dbscan_001
dbscan_frechet,frechet,stl_st_louis_downtown_airport_to_st_louis_lambert_2026-03-07_0276,st_louis_downtown_airport_to_st_louis_lambert,St. Louis Downtown Airport to St. Louis Lambert,w_0276,0.7,0.2,0.1,0.0,35.0695243590648,33.19018668301705,40,1,dbscan_001,dbscan_001
dbscan_frechet,frechet,stl_st_louis_downtown_airport_to_st_louis_lambert_2026-03-07_0277,st_louis_downtown_airport_to_st_louis_lambert,St. Louis Downtown Airport to St. Louis Lambert,w_0277,0.7,0.3,0.0,0.0,36.197024617572914,33.07964722442817,43,1,dbscan_001,dbscan_001
dbscan_frechet,frechet,stl_st_louis_downtown_airport_to_st_louis_lambert_2026-03-07_0278,st_louis_downtown_airport_to_st_louis_lambert,St. Louis Downtown Airport to St. Louis Lambert,w_0278,0.8,0.0,0.0,0.2,35.06847425714207,37.55609901743984,40,1,dbscan_001,dbscan_001
dbscan_frechet,frechet,stl_st_louis_downtown_airport_to_st_louis_lambert_2026-03-07_0279,st_louis_downtown_airport_to_st_louis_lambert,St. Louis Downtown Airport to St. Louis Lambert,w_0279,0.8,0.0,0.1,0.1,35.0695243590648,35.699592874077545,40,1,dbscan_001,dbscan_001
dbscan_frechet,frechet,stl_st_louis_downtown_airport_to_st_louis_lambert_2026-03-07_0280,st_louis_downtown_airport_to_st_louis_lambert,St. Louis Downtown Airport to St. Louis Lambert,w_0280,0.8,0.0,0.2,0.0,35.0695243590648,33.76216216665504,40,1,dbscan_001,dbscan_001
dbscan_frechet,frechet,stl_st_louis_downtown_airport_to_st_louis_lambert_2026-03-07_0281,st_louis_downtown_airport_to_st_louis_lambert,St. Louis Downtown Airport to St. Louis Lambert,w_0281,0.8,0.1,0.0,0.1,35.06987633323177,36.57853309086403,40,1,dbscan_001,dbscan_001
dbscan_frechet,frechet,stl_st_louis_downtown_airport_to_st_louis_lambert_2026-03-07_0282,st_louis_downtown_airport_to_st_louis_lambert,St. Louis Downtown Airport to St. Louis Lambert,w_0282,0.8,0.1,0.1,0.0,35.0695243590648,34.68470375239105,40,1,dbscan_001,dbscan_001
dbscan_frechet,frechet,stl_st_louis_downtown_airport_to_st_louis_lambert_2026-03-07_0283,st_louis_downtown_airport_to_st_louis_lambert,St. Louis Downtown Airport to St. Louis Lambert,w_0283,0.8,0.2,0.0,0.0,36.197024617572914,35.332153624937334,43,1,dbscan_001,dbscan_001
dbscan_frechet,frechet,stl_st_louis_downtown_airport_to_st_louis_lambert_2026-03-07_0284,st_louis_downtown_airport_to_st_louis_lambert,St. Louis Downtown Airport to St. Louis Lambert,w_0284,0.9,0.0,0.0,0.1,35.06847425714207,38.07561139461982,40,1,dbscan_001,dbscan_001
dbscan_frechet,frechet,stl_st_louis_downtown_airport_to_st_louis_lambert_2026-03-07_0285,st_louis_downtown_airport_to_st_louis_lambert,St. Louis Downtown Airport to St. Louis Lambert,w_0285,0.9,0.0,0.1,0.0,35.0695243590648,36.17922082176504,40,1,dbscan_001,dbscan_001
dbscan_frechet,frechet,stl_st_louis_downtown_airport_to_st_louis_lambert_2026-03-07_0286,st_louis_downtown_airport_to_st_louis_lambert,St. Louis Downtown Airport to St. Louis Lambert,w_0286,0.9,0.1,0.0,0.0,35.06987633323177,37.05819977558479,40,1,dbscan_001,dbscan_001
dbscan_frechet,frechet,stl_st_louis_downtown_airport_to_st_louis_lambert_2026-03-07_0287,st_louis_downtown_airport_to_st_louis_lambert,St. Louis Downtown Airport to St. Louis Lambert,w_0287,1.0,0.0,0.0,0.0,35.06847425714207,38.5951237717998,40,1,dbscan_001,dbscan_001
